tweet_id,user_community,community_type,user_active_status,retweet_count,quote_count,retweet_count_by_community_0,quote_count_by_community_0,retweet_count_by_community_1,quote_count_by_community_1,retweet_count_by_community_2,quote_count_by_community_2,retweet_count_by_community_3,quote_count_by_community_3,retweet_count_by_community_4,quote_count_by_community_4,retweet_count_by_suspended_users,quote_count_by_suspended_users,date
1320107186241048579,1,promoter,active,4450,2341,15,43,1458,530,2526,1459,414,275,37,34,711,401,2020_10
1320107370312323073,1,promoter,active,16609,7497,79,116,4841,1407,11373,5858,216,79,100,37,3901,1506,2020_10
1320117044612943872,1,promoter,active,25769,7895,76,103,8812,1835,16370,5831,91,27,420,99,5490,2822,2020_10
1320127627471032322,1,promoter,active,5199,1065,21,8,1296,246,3809,798,35,9,38,4,1560,329,2020_10
1320127775731273734,1,promoter,active,3239,1293,9,12,804,287,2382,978,23,7,21,9,799,243,2020_10
1320137224638197761,1,promoter,active,3473,2531,24,15,1258,379,2147,2119,8,6,36,12,406,281,2020_10
1320140370882297857,1,promoter,suspended,1388,556,2,2,159,69,1220,482,3,1,4,2,495,169,2020_10
1320159537194700801,1,promoter,suspended,621,159,2,3,72,32,541,119,1,1,5,4,186,27,2020_10
1320160474672095232,1,promoter,active,11004,2656,33,23,3272,706,7551,1893,41,12,107,22,2592,522,2020_10
1320169998782992386,1,promoter,active,4400,1133,10,5,758,186,3594,939,13,1,25,2,1242,291,2020_10
1320344340250714112,1,promoter,active,9259,2439,30,23,3097,525,6058,1872,20,6,54,13,1946,457,2020_10
1321154238957948929,1,promoter,active,5941,783,14,3,1587,185,4326,593,6,1,8,1,1245,167,2020_10
1321225762083659778,1,promoter,active,8596,1229,24,4,1916,247,6617,971,13,3,26,4,2181,329,2020_10
1321481854751526915,1,promoter,active,23378,6654,49,28,6379,1470,16807,5110,41,8,102,38,5235,1535,2020_10
1321487180854824960,1,promoter,active,6884,652,8,4,1414,122,5411,523,11,1,40,2,1702,127,2020_10
1321490841865801728,1,promoter,active,990,90,1,1,194,10,788,77,3,1,4,1,255,17,2020_10
1321495174409785345,1,promoter,active,3734,649,12,3,1013,123,2699,521,1,1,9,1,957,192,2020_10
1321868906651250688,1,promoter,active,6328,775,9,2,1258,111,4996,656,15,1,50,5,1618,206,2020_10
1322180123748143105,1,promoter,active,2328,283,7,8,310,34,2001,239,3,1,7,1,703,76,2020_10
1322491483199574016,1,promoter,active,5110,1644,21,16,1423,316,3622,1302,7,2,37,8,1199,303,2020_10
1322501158569693192,1,promoter,active,2051,249,3,2,251,31,1791,213,1,1,5,2,671,55,2020_10
1323615834455994373,1,promoter,active,5510,2099,45,35,1497,399,3798,1628,81,12,89,25,1022,376,2020_11
1323627525134786560,1,promoter,active,4352,460,19,8,943,83,3373,365,6,1,11,3,933,106,2020_11
1323709868419747842,1,promoter,active,3863,309,8,2,330,36,3495,266,15,3,15,2,1240,112,2020_11
1323766232068333570,1,promoter,active,2388,366,40,11,483,56,1837,296,11,1,17,2,658,98,2020_11
1323852668419231744,1,promoter,active,2192,108,8,5,232,15,1927,85,6,1,19,2,642,22,2020_11
1323880399236329472,1,promoter,active,5554,880,15,8,1484,143,4032,727,6,1,17,1,1110,206,2020_11
1323890578627522560,1,promoter,active,2460,369,8,5,510,59,1929,302,5,2,8,1,559,82,2020_11
1323891926282752002,1,promoter,active,2740,844,102,548,690,81,1874,198,43,10,31,7,823,114,2020_11
1323894612465979393,1,promoter,active,1070,102,3,11,116,8,926,79,1,1,24,3,275,24,2020_11
1323895278454398977,1,promoter,active,2462,198,69,44,625,39,1744,112,6,1,18,2,600,62,2020_11
1323898024100323329,1,promoter,active,6692,379,20,4,1176,46,5426,321,18,3,52,5,1706,79,2020_11
1323899799968600065,1,promoter,active,4477,244,27,5,1026,33,3388,204,12,1,24,1,981,51,2020_11
1323905975565250560,1,promoter,active,3196,227,21,5,670,37,2384,176,16,1,105,8,770,51,2020_11
1323925413870161927,1,promoter,suspended,4069,355,4,4,419,45,3622,303,6,2,18,1,1131,73,2020_11
1323935439309492224,1,promoter,active,2063,763,6,4,369,116,1681,637,2,1,5,5,461,201,2020_11
1323974153142177794,1,promoter,active,3209,1335,19,8,870,249,2270,1053,6,9,44,16,664,249,2020_11
1323984127054516226,1,promoter,active,3963,282,17,13,1178,51,2702,213,48,2,18,3,753,50,2020_11
1323984541434945536,1,promoter,active,3254,1179,17,6,1187,295,2008,865,13,4,29,9,498,262,2020_11
1323996716157308929,1,promoter,active,2354,294,13,8,728,62,1532,209,30,6,51,9,414,67,2020_11
1323998204350914563,1,promoter,active,1207,164,2,4,205,19,987,136,7,1,6,4,337,41,2020_11
1324016459534708738,1,promoter,suspended,1064,228,2,2,209,41,827,180,10,3,16,2,313,72,2020_11
1324032129408356352,1,promoter,active,5820,529,16,5,913,62,4852,457,8,1,31,4,1592,150,2020_11
1324046198362300424,2,promoter,active,2383,1105,3,2,20,101,2328,979,8,4,24,19,557,289,2020_11
1324060101125296130,1,promoter,suspended,1420,824,3,2,426,137,964,649,2,13,25,23,280,238,2020_11
1324061237139939330,1,promoter,active,2390,543,40,45,711,125,1527,332,12,3,100,38,485,123,2020_11
1324064583355494400,1,promoter,active,5491,947,21,13,1986,135,2014,415,1187,274,283,110,682,140,2020_11
1324085076515323905,1,promoter,active,2134,247,6,3,556,65,1510,174,48,2,14,3,461,66,2020_11
1324086834482290692,1,promoter,active,2331,358,9,10,429,46,1846,293,7,2,40,7,492,77,2020_11
1324089247389880320,0,detractor,active,2723,688,2645,128,5,92,58,464,8,2,7,2,26,118,2020_11
1324096142108356608,1,promoter,suspended,1540,876,2,4,209,77,1304,785,5,1,20,9,512,376,2020_11
1324106369188974595,1,promoter,suspended,4327,572,14,93,1082,91,2994,358,145,15,92,15,992,126,2020_11
1324111787826970624,1,promoter,active,6958,503,12,18,1121,66,5649,405,23,1,153,13,1678,116,2020_11
1324113204465836039,1,promoter,suspended,1559,316,4,9,169,45,1368,255,7,2,11,5,462,81,2020_11
1324134708410687488,1,promoter,active,2852,364,10,10,753,65,2052,282,11,3,26,4,653,84,2020_11
1324137133683212289,1,promoter,active,5074,848,17,15,1068,129,3922,687,19,4,48,13,1227,226,2020_11
1324155596988436484,1,promoter,active,1830,916,7,5,391,149,1403,737,11,8,18,17,455,354,2020_11
1324169815905439747,1,promoter,active,3241,318,20,6,641,65,2517,238,9,3,54,6,788,88,2020_11
1324182302554021889,1,promoter,active,5120,598,10,2,833,86,4230,506,20,3,27,1,1253,144,2020_11
1324186713699180546,1,promoter,active,7684,523,18,1,2068,107,5418,406,29,2,151,7,1506,111,2020_11
1324192120115253248,1,promoter,suspended,1247,232,6,2,326,51,849,168,11,2,55,9,221,43,2020_11
1324195468734308354,1,promoter,active,4725,629,11,6,879,96,3759,516,18,1,58,10,1153,142,2020_11
1324214901812899841,1,promoter,suspended,1687,225,5,1,164,29,1509,193,2,1,7,1,409,52,2020_11
1324218597221216257,1,promoter,active,2845,248,8,5,380,42,2428,199,14,1,15,1,800,50,2020_11
1324221320771481600,1,promoter,active,1383,185,8,2,394,33,961,144,11,5,9,1,237,34,2020_11
1324221399641325568,1,promoter,active,1443,194,10,1,269,21,1158,167,1,3,5,2,206,35,2020_11
1324223711902228480,1,promoter,active,2601,193,4,2,440,49,2096,137,10,2,51,3,642,46,2020_11
1324243089909833728,1,promoter,active,6122,1693,22,16,2008,405,3985,1223,22,6,85,43,1094,304,2020_11
1324248475282726912,1,promoter,active,3643,462,28,15,809,98,2675,337,105,7,26,5,736,76,2020_11
1324289792805396481,1,promoter,active,169,21,1,1,32,1,110,16,21,2,5,1,28,7,2020_11
1324328792165388296,1,promoter,active,1311,198,4,3,521,65,764,121,8,6,14,3,237,34,2020_11
1324373930686226432,1,promoter,active,986,497,2,4,286,43,688,447,4,2,6,1,221,87,2020_11
1324386685858287616,1,promoter,suspended,1990,4382,16,626,943,975,941,2558,26,77,64,146,330,859,2020_11
1324405917647990784,1,promoter,active,1166,208,11,5,323,32,820,166,7,2,5,3,232,43,2020_11
1324408424579346435,1,promoter,active,1011,75,4,9,104,8,842,47,44,10,17,1,322,19,2020_11
1324423268229664769,1,promoter,active,1235,601,4,100,346,103,859,372,2,6,24,20,277,131,2020_11
1324427816197332995,1,promoter,suspended,1029,155,2,16,235,25,759,112,12,1,21,1,289,48,2020_11
1324432857071194112,1,promoter,active,1668,176,6,5,313,25,1290,138,11,3,48,5,339,33,2020_11
1324435797374808066,0,detractor,active,7653,2506,7546,2360,20,50,83,90,3,2,1,4,84,247,2020_11
1324435897237053440,1,promoter,active,1980,355,9,29,262,43,1693,277,10,3,6,3,531,81,2020_11
1324447614843166721,1,promoter,active,2519,1538,12,16,705,239,1749,1267,37,10,16,6,533,197,2020_11
1324448508942917634,1,promoter,active,583,48,1,2,77,4,499,40,4,1,2,1,179,12,2020_11
1324448622658965505,1,promoter,active,1530,291,8,25,383,57,1121,207,8,1,10,1,292,44,2020_11
1324452174579949568,1,promoter,active,3251,778,12,10,865,146,2323,600,10,8,41,14,640,163,2020_11
1324460893250428930,1,promoter,suspended,2562,1116,4,3,627,145,1805,915,85,27,41,26,734,342,2020_11
1324465122174242817,1,promoter,active,915,117,1,3,65,18,843,94,3,1,3,1,260,35,2020_11
1324469085846052867,1,promoter,active,749,80,3,3,171,15,561,60,5,1,9,1,199,26,2020_11
1324479516043997184,1,promoter,active,2016,269,3,2,149,25,1819,233,19,7,26,2,641,94,2020_11
1324506154148515842,1,promoter,active,371,621,249,507,107,22,11,84,1,3,3,5,7,39,2020_11
1.32E+18,1,promoter,active,707,286,7,162,174,24,516,93,9,5,1,2,162,45,2020_11
1324508032730984449,1,promoter,active,4318,993,21,28,1159,219,2614,599,471,136,53,11,772,196,2020_11
1324509478138597377,1,promoter,active,1951,353,19,15,467,75,1369,239,25,3,71,21,419,80,2020_11
1324512829525938177,1,promoter,active,2024,202,8,3,265,21,1738,176,4,1,9,1,536,49,2020_11
1324517399698264064,1,promoter,active,807,101,9,4,145,21,643,72,3,2,7,2,231,31,2020_11
1324519752518131713,1,promoter,active,678,272,4,13,211,47,444,204,3,1,16,7,146,61,2020_11
1324523761559851009,2,promoter,deleted,389,254,2,3,5,33,372,214,4,2,6,2,67,54,2020_11
1324529251740246017,1,promoter,active,1049,336,2,3,198,57,825,267,7,4,17,5,281,112,2020_11
1324535036348145665,1,promoter,suspended,1054,624,4,2,293,106,721,488,7,8,29,20,234,150,2020_11
1324546395961880576,1,promoter,suspended,470,53,3,2,44,7,407,42,9,1,7,1,120,13,2020_11
1324551466397347840,1,promoter,active,674,120,3,8,130,21,533,88,3,2,5,1,158,24,2020_11
1324565417512357888,1,promoter,active,1464,357,4,1,137,60,1306,289,5,1,12,6,540,99,2020_11
1324572383735435264,1,promoter,active,4954,1293,54,44,1419,247,3214,910,154,56,113,36,1000,287,2020_11
1324573483796467712,1,promoter,active,645,180,2,2,113,23,248,109,273,40,9,6,63,33,2020_11
1324574363648143360,1,promoter,active,1625,325,9,3,356,55,1214,248,9,4,37,15,381,77,2020_11
1324580527240871936,1,promoter,active,1008,222,1,4,138,32,858,184,3,1,8,1,223,50,2020_11
1324580698519461888,1,promoter,active,2749,670,15,25,1234,181,1450,456,16,1,34,7,351,86,2020_11
1324582022917050368,1,promoter,active,3599,954,17,23,1090,230,2461,694,13,4,18,3,747,184,2020_11
1324584600522395648,1,promoter,active,689,77,1,1,98,11,580,63,4,1,6,1,182,16,2020_11
1324584966055956481,1,promoter,active,2571,215,5,2,173,25,2386,185,3,1,4,2,754,61,2020_11
1324628241982828544,2,promoter,suspended,2239,611,3,1,63,71,2138,532,15,3,20,4,559,116,2020_11
1324652428839411718,1,promoter,suspended,258,69,2,2,59,7,190,58,4,1,3,1,54,32,2020_11
1324682995383603200,1,promoter,active,1773,322,6,4,500,103,1212,206,22,2,33,7,368,75,2020_11
1324683628937420800,1,promoter,active,747,115,30,45,298,17,338,48,7,1,74,4,83,14,2020_11
1324689920649252864,1,promoter,active,6792,788,21,211,1899,126,4779,445,18,2,75,4,1445,146,2020_11
1324695053885935616,1,promoter,active,11134,1740,29,79,2676,319,8202,1305,36,6,191,31,2697,455,2020_11
1324703927967846402,1,promoter,active,2482,260,12,40,558,52,1875,163,5,1,32,4,472,35,2020_11
1324720968988794880,1,promoter,suspended,1433,172,2,32,279,15,612,53,513,68,27,4,204,19,2020_11
1324740110458396674,1,promoter,suspended,2946,505,5,16,489,68,2428,417,12,3,12,1,854,159,2020_11
1324759008285249539,1,promoter,active,3833,433,3,6,477,76,3332,348,4,1,17,2,1164,125,2020_11
1324766853496033280,1,promoter,active,1659,191,3,3,201,18,1443,166,5,2,7,2,460,52,2020_11
1324785115944439811,1,promoter,active,1229,159,1,7,119,19,1099,130,5,2,5,1,375,38,2020_11
1324792225260253184,0,detractor,active,2851,3727,2388,212,20,684,417,2747,8,10,18,74,175,687,2020_11
1324792720288874496,1,promoter,active,2818,366,14,4,488,75,2288,283,14,2,14,2,601,73,2020_11
1324801224936443906,1,promoter,suspended,177,15,1,2,47,2,121,7,3,3,5,1,49,2,2020_11
1324801354427179008,1,promoter,active,2682,551,8,5,980,109,1665,425,17,10,12,2,478,160,2020_11
1324802130914390016,1,promoter,active,3350,284,23,19,1400,78,1896,182,8,3,23,2,545,50,2020_11
1324806241638600705,1,promoter,active,5933,472,20,51,1242,89,4459,309,115,12,97,11,1329,88,2020_11
1324815276878131201,1,promoter,active,3716,1218,11,12,866,174,2455,926,313,75,71,31,721,316,2020_11
1324815627266199554,1,promoter,active,2584,1069,20,447,568,132,1984,483,5,1,7,6,583,153,2020_11
1324815748108345344,1,promoter,active,9168,806,42,60,3473,202,5476,530,30,5,147,9,1651,172,2020_11
1324838425170595840,1,promoter,active,7193,2231,26,33,2110,478,4871,1635,78,47,108,38,1419,510,2020_11
1324839001338056706,1,promoter,active,1182,118,4,3,225,21,933,89,4,2,16,3,241,26,2020_11
1324851541166100480,1,promoter,suspended,4326,1103,12,6,811,148,3368,905,47,9,88,35,973,250,2020_11
1324854600277643265,1,promoter,active,1497,413,3,2,132,60,1333,346,7,2,22,3,447,114,2020_11
1324855288604831745,1,promoter,active,4128,991,43,602,562,48,3376,338,74,1,73,2,1228,128,2020_11
1324858163854798848,1,promoter,active,4107,628,11,40,865,97,3094,465,81,19,56,7,815,121,2020_11
1324864475254677505,1,promoter,active,8643,955,32,200,1927,123,6572,626,23,1,89,5,1962,199,2020_11
1324866768217792519,1,promoter,active,654,81,1,2,154,13,492,63,1,2,6,1,137,20,2020_11
1324884555975647233,1,promoter,active,1659,219,11,11,338,47,1279,154,2,2,29,5,360,43,2020_11
1324886465118150657,1,promoter,active,530,45,3,1,42,4,480,38,1,1,4,1,148,6,2020_11
1324899611002155009,1,promoter,active,7697,821,16,5,1028,111,6581,682,30,11,42,12,2015,201,2020_11
1324900562446528513,2,promoter,active,4358,530,6,3,37,58,4296,465,6,1,13,3,1148,138,2020_11
1324901821291302912,1,promoter,deleted,3527,362,4,2,271,27,3219,330,19,2,14,1,1328,128,2020_11
1324907501498855425,2,promoter,suspended,1600,347,5,2,28,34,1555,308,3,2,9,1,415,72,2020_11
1324908457913356290,1,promoter,active,4894,664,11,17,424,62,4370,574,6,2,83,9,1254,168,2020_11
1324916232513007617,1,promoter,suspended,541,26,3,3,158,2,345,16,22,2,13,3,123,7,2020_11
1324931859806121984,1,promoter,active,3311,233,7,5,169,30,3091,188,35,4,9,6,1037,69,2020_11
1324944058175942656,1,promoter,active,4708,731,13,2,1185,143,3472,579,11,3,27,4,1042,156,2020_11
1324950975912808448,1,promoter,active,2397,236,7,2,384,36,1976,194,13,3,17,1,541,43,2020_11
1324985974166679554,1,promoter,active,3614,252,35,6,1025,40,2482,203,6,1,66,2,620,57,2020_11
1324986833521041408,1,promoter,suspended,3738,698,14,2,473,68,2908,564,241,53,102,11,877,178,2020_11
1325044843501002752,1,promoter,active,1436,183,7,20,210,30,1204,128,9,4,6,1,371,34,2020_11
1325067417102508032,1,promoter,suspended,9033,1795,8,12,1455,216,7443,1529,56,14,71,24,2981,690,2020_11
1325090931394142211,1,promoter,suspended,1405,131,7,45,308,14,801,51,261,20,28,1,277,26,2020_11
1325096366234882051,0,detractor,active,3250,1353,3169,471,2,98,77,781,1,1,1,2,71,247,2020_11
1325110664436850688,1,promoter,active,1626,348,4,10,394,69,1209,266,9,1,10,2,381,56,2020_11
1325114889401196548,1,promoter,active,447,46,2,11,90,6,338,25,9,1,8,3,130,14,2020_11
1325126577676541953,1,promoter,suspended,3550,280,6,1,192,30,3211,234,51,8,90,7,1282,86,2020_11
1325127508291846145,1,promoter,suspended,3214,259,5,1,196,23,2875,220,36,5,102,10,1161,80,2020_11
1325130416890683399,1,promoter,suspended,1867,279,6,17,454,63,1329,188,28,2,50,9,416,54,2020_11
1325141039611457537,1,promoter,active,628,107,2,4,122,10,472,85,21,5,11,3,154,15,2020_11
1325153178044817408,1,promoter,active,1089,149,1,7,139,25,937,115,7,1,5,1,277,22,2020_11
1325155432902524930,1,promoter,active,2519,235,6,23,598,36,1896,173,4,1,15,2,625,53,2020_11
1325156920181760001,1,promoter,active,341,25,1,1,49,4,287,18,1,1,3,1,68,6,2020_11
1325167741419089920,1,promoter,deleted,1875,396,3,3,304,60,1528,326,13,2,27,5,613,99,2020_11
1325192301644189700,1,promoter,suspended,927,92,2,8,246,19,622,58,37,5,20,2,225,23,2020_11
1325203412716154882,2,promoter,active,2858,1207,2,1,38,128,2799,1072,8,2,11,4,970,435,2020_11
1325213006637092870,1,promoter,suspended,905,258,6,2,164,30,703,222,23,3,9,1,162,74,2020_11
1325213426474315776,1,promoter,active,4162,523,9,1,833,85,3254,410,34,16,32,11,984,117,2020_11
1325215651515031552,1,promoter,suspended,4223,609,7,1,487,80,3697,523,13,2,19,3,1354,197,2020_11
1325221448458375170,1,promoter,active,782,441,20,243,103,31,651,164,7,2,1,1,176,56,2020_11
1325232784437366786,1,promoter,active,1978,208,2,1,308,39,1632,164,17,2,19,2,509,44,2020_11
1325243493527265286,1,promoter,active,1406,107,4,1,140,15,1006,58,245,31,11,2,342,17,2020_11
1325261660735614983,1,promoter,active,666,48,3,1,59,6,595,38,4,2,5,1,217,12,2020_11
1325288510040006656,1,promoter,active,1030,193,2,1,163,12,843,173,9,6,13,1,255,88,2020_11
1325289320039780354,1,promoter,active,2416,575,41,11,427,95,1933,460,9,8,6,1,597,154,2020_11
1325432465415163904,1,promoter,suspended,21100,3023,168,617,6437,434,13040,1839,734,72,721,61,4165,574,2020_11
1325449885802377225,1,promoter,active,758,96,2,4,88,13,663,77,1,1,4,1,205,18,2020_11
1325450009203142657,1,promoter,suspended,554,30,2,2,152,4,351,22,26,1,23,1,135,7,2020_11
1325454527299018752,1,promoter,active,1018,127,4,12,88,19,919,93,2,2,5,1,375,29,2020_11
1325463816939954180,1,promoter,active,1685,153,3,6,156,24,1510,121,8,1,8,1,588,43,2020_11
1325519146847592448,1,promoter,active,4035,497,13,1,500,47,3448,440,14,3,60,6,1071,104,2020_11
1325525077820014592,1,promoter,active,7628,695,26,50,1857,114,5670,526,17,1,58,4,1591,121,2020_11
1325558874003234816,1,promoter,active,1905,160,7,1,224,22,1643,127,7,3,24,7,650,50,2020_11
1325568075282964481,1,promoter,active,5075,555,6,5,515,75,4531,469,5,4,18,2,1381,137,2020_11
1325570711155585025,1,promoter,active,2578,406,5,11,286,65,2268,323,3,4,16,3,690,86,2020_11
1325587299497807872,1,promoter,active,238,37,1,10,24,5,209,20,3,1,1,1,62,5,2020_11
1325589942337212416,1,promoter,active,10133,1238,45,191,1763,153,7919,877,172,11,234,6,2576,252,2020_11
1325640421058490368,1,promoter,active,891,76,3,5,126,8,755,61,2,1,5,1,301,14,2020_11
1325686822832275456,1,promoter,active,1430,152,7,5,198,21,1196,123,19,2,10,1,352,37,2020_11
1325709921028100096,1,promoter,suspended,1062,489,4,1,161,49,840,401,11,8,46,30,257,76,2020_11
1325788144420184064,1,promoter,active,3848,336,6,10,519,46,3295,277,8,1,20,2,1123,74,2020_11
1325790455817248774,1,promoter,active,7456,744,82,117,1711,112,5463,505,74,7,126,3,1876,170,2020_11
1325801059206500353,1,promoter,active,6248,685,38,27,1187,147,4906,490,21,5,96,16,1502,124,2020_11
1325808010715926528,1,promoter,active,2459,308,8,6,420,49,1930,235,6,3,95,15,594,70,2020_11
1325893536563277830,1,promoter,active,978,134,6,4,135,14,795,114,13,1,29,1,276,33,2020_11
1325901137652936706,1,promoter,active,591,77,2,3,112,9,463,63,4,1,10,1,126,20,2020_11
1325913665988595725,1,promoter,active,2454,258,5,22,352,30,2070,204,14,1,13,1,611,52,2020_11
1325919211332505602,1,promoter,active,773,372,16,16,154,81,587,273,6,1,10,1,170,69,2020_11
1325920985745412099,1,promoter,active,825,250,11,5,138,47,666,194,3,2,7,2,206,50,2020_11
1325923286375669761,1,promoter,active,421,61,1,4,78,9,333,46,4,1,5,1,108,15,2020_11
1325939885098881027,1,promoter,suspended,6977,467,36,47,1557,71,5012,329,155,12,217,8,1798,137,2020_11
1325940951567753216,1,promoter,active,747,158,5,2,168,28,347,46,1,1,226,81,122,14,2020_11
1325952335701553153,0,detractor,active,254,186,91,87,15,23,142,72,1,1,5,3,49,18,2020_11
1325961114514038786,1,promoter,suspended,10650,991,86,215,2619,117,7209,613,329,22,407,24,2283,200,2020_11
1325970486178832384,1,promoter,active,1436,185,7,3,294,41,1093,134,4,2,38,5,320,23,2020_11
1325975470672896000,1,promoter,active,4454,431,10,14,702,59,3699,353,11,2,32,3,1154,104,2020_11
1325981168735555591,1,promoter,active,3892,429,9,14,1025,87,2776,313,45,12,37,3,858,86,2020_11
1325994937423257600,1,promoter,active,1204,385,7,1,82,55,1093,322,3,2,19,5,404,123,2020_11
1325999236471721987,1,promoter,suspended,1860,298,1,1,123,29,1706,265,16,2,14,1,730,117,2020_11
1326014468929839104,1,promoter,suspended,363,33,2,1,84,4,235,20,25,2,17,6,121,13,2020_11
1326014852582666242,1,promoter,active,4354,621,10,2,454,74,3873,540,8,2,9,3,1252,165,2020_11
1326017589080895488,1,promoter,active,1348,335,58,10,241,71,1024,244,10,2,15,8,376,88,2020_11
1326025858113433601,1,promoter,active,4710,35,13,4,485,3,4072,26,45,1,95,1,1479,5,2020_11
1326048241385795584,1,promoter,active,6365,599,15,3,714,65,5523,525,19,2,94,4,1690,145,2020_11
1326156333305958401,1,promoter,active,4300,574,6,9,570,85,3647,469,19,5,58,6,1212,154,2020_11
1326162999514640385,1,promoter,active,1822,1870,13,27,471,202,1285,1614,7,10,46,17,346,362,2020_11
1326218720029659136,1,promoter,active,1607,190,12,47,210,19,1370,119,7,2,8,3,518,38,2020_11
1326231901988745217,1,promoter,suspended,642,96,39,60,110,7,456,24,29,4,8,1,182,16,2020_11
1326260720036704257,1,promoter,active,4130,377,4,23,474,59,3604,289,17,3,31,3,1187,71,2020_11
1326277400494284805,0,detractor,active,1703,1181,474,971,62,21,998,160,107,22,62,7,323,67,2020_11
1326282306554900482,1,promoter,active,5142,647,85,213,1037,77,3879,338,74,15,67,4,1409,102,2020_11
1326305806535565313,1,promoter,active,1457,716,14,234,171,74,1253,397,3,3,16,8,466,143,2020_11
1326318537829457923,1,promoter,suspended,199,41,1,2,17,4,155,29,23,5,3,1,49,11,2020_11
1326334497764335619,1,promoter,active,64,104,4,10,23,16,34,73,2,4,1,1,9,10,2020_11
1326351325106302976,1,promoter,active,680,96,3,8,108,17,559,68,3,1,7,2,163,12,2020_11
1326353321582620673,1,promoter,active,2882,646,28,194,615,89,2146,348,50,9,43,6,578,94,2020_11
1326356623363874816,1,promoter,suspended,3615,590,6,3,318,60,3277,524,5,1,9,2,1029,165,2020_11
1326359786040987649,1,promoter,active,3589,475,12,1,461,56,3079,414,6,3,31,1,849,113,2020_11
1326369310994964485,1,promoter,suspended,3983,493,7,2,301,41,3637,442,7,2,31,6,1121,141,2020_11
1326385566544498688,0,detractor,active,719,243,116,77,39,44,544,119,5,2,15,1,129,28,2020_11
1326515950292672512,1,promoter,suspended,5438,908,10,3,482,107,4925,794,7,2,14,2,1865,307,2020_11
1326538858813550603,1,promoter,active,2456,277,8,5,432,41,1973,216,15,7,28,8,654,62,2020_11
1326540408587919361,1,promoter,active,741,132,1,50,74,11,657,69,4,1,5,1,231,22,2020_11
1326582123206152196,1,promoter,suspended,5345,692,4,1,418,87,4908,601,5,2,10,1,1702,211,2020_11
1326593526868668417,1,promoter,active,2016,841,8,21,250,105,1712,698,13,7,33,10,474,185,2020_11
1326593652236447745,1,promoter,active,5059,1100,5,15,559,130,4460,946,19,4,16,5,1465,307,2020_11
1326595184767823872,1,promoter,active,12424,1181,155,165,2647,168,9304,835,120,8,198,5,3098,258,2020_11
1326597569594724358,0,detractor,active,642,431,592,78,3,53,38,297,2,1,7,2,20,68,2020_11
1326610190905565196,1,promoter,suspended,4472,780,3,3,458,100,3963,672,20,1,28,4,1448,259,2020_11
1326611811169398785,1,promoter,active,2277,325,24,117,314,28,1898,178,11,1,30,1,666,42,2020_11
1326614532752596992,1,promoter,active,4029,281,11,22,645,36,3297,221,35,1,41,1,1107,67,2020_11
1326656793913724931,1,promoter,active,1884,485,4,17,185,37,1673,422,5,7,17,2,594,259,2020_11
1326657707408035841,0,detractor,active,664,827,595,91,5,123,55,602,6,6,3,5,24,123,2020_11
1326664753914114049,1,promoter,active,3352,398,5,1,124,24,3211,368,3,2,9,3,1032,97,2020_11
1326668120967286784,1,promoter,active,3802,452,10,22,445,52,3246,347,36,8,65,23,1111,115,2020_11
1326675187287388165,1,promoter,active,2178,242,3,10,356,47,1776,180,16,2,27,3,614,57,2020_11
1326683880095682562,1,promoter,suspended,6432,438,52,171,1339,51,4770,199,152,9,119,8,1874,78,2020_11
1326695036990357504,1,promoter,suspended,1640,206,2,3,73,20,1556,180,5,1,4,2,651,60,2020_11
1326695508950183938,1,promoter,active,1968,919,4,1,182,480,1753,431,16,4,13,3,591,137,2020_11
1326718608664383490,1,promoter,suspended,418,85,29,57,102,7,255,18,16,1,16,2,102,12,2020_11
1326721355107151872,1,promoter,active,13340,2041,49,74,3519,432,9390,1471,156,24,226,40,3120,417,2020_11
1326726977861136386,1,promoter,active,942,102,4,4,144,21,785,75,1,1,8,1,231,24,2020_11
1326739418405728256,1,promoter,active,6839,601,5,3,626,57,6176,538,9,1,23,2,1820,123,2020_11
1326741141522325504,1,promoter,suspended,6277,1210,9,2,480,117,5768,1086,9,3,11,2,2367,396,2020_11
1326749045029629952,1,promoter,suspended,4448,402,4,2,209,36,4209,358,12,3,14,3,1780,120,2020_11
1326874920316448770,1,promoter,active,2288,175,5,1,209,28,2060,144,6,1,8,1,732,39,2020_11
1326889031808942083,1,promoter,suspended,4446,608,4,3,241,49,4183,552,11,2,7,2,1793,224,2020_11
1326890833354821637,1,promoter,active,8542,1021,23,2,1203,147,7246,858,21,6,49,8,2330,271,2020_11
1326892069667950592,1,promoter,active,2099,437,3,1,374,68,1699,355,9,11,14,2,540,92,2020_11
1326915779854557186,1,promoter,suspended,4765,647,4,2,339,69,4409,570,5,1,8,5,1924,251,2020_11
1326930955559383044,1,promoter,active,2054,200,7,17,416,37,1540,129,2,2,89,15,500,38,2020_11
1326938849700818946,1,promoter,active,1068,153,9,5,136,16,908,129,3,2,12,1,356,46,2020_11
1326991439134289920,1,promoter,active,10758,1190,22,7,1522,162,8972,999,15,1,227,21,2511,264,2020_11
1326995699200909314,1,promoter,active,4513,596,8,7,506,67,3965,518,6,1,28,3,1144,157,2020_11
1327009008377466881,1,promoter,active,2554,158,4,4,230,10,2283,142,4,1,33,1,662,32,2020_11
1327022435913396225,1,promoter,suspended,3631,412,4,1,219,28,3395,373,7,6,6,4,1274,116,2020_11
1327024215887851521,1,promoter,active,10702,1841,39,80,1678,299,8583,1384,86,19,316,59,2870,374,2020_11
1327036270955143168,0,detractor,active,605,340,558,125,4,30,35,181,3,2,5,2,15,46,2020_11
1327038586819145732,0,detractor,active,3430,1689,3352,1640,13,7,58,37,2,1,5,4,38,71,2020_11
1327043099030327300,1,promoter,suspended,4781,816,7,4,504,303,4235,500,11,2,24,7,1661,209,2020_11
1327057122153144321,1,promoter,suspended,5911,456,5,5,259,39,5616,404,3,2,28,6,2256,171,2020_11
1327071520557064193,1,promoter,suspended,13211,1112,12,7,1193,117,11755,922,145,52,106,14,5218,383,2020_11
1327086349841702914,1,promoter,active,4965,294,10,3,440,35,4488,253,10,1,17,2,1487,69,2020_11
1327087104766189568,2,promoter,suspended,3670,630,3,1,55,65,3592,557,5,2,15,5,1424,208,2020_11
1327116730846638081,1,promoter,suspended,7415,443,3,3,293,45,7045,391,34,3,40,1,3059,161,2020_11
1327122223384158208,1,promoter,active,3246,464,9,54,191,51,3017,356,17,2,12,1,987,111,2020_11
1327288729560604672,1,promoter,active,2234,154,4,9,132,8,2077,135,7,1,14,1,752,38,2020_11
1327305628419837955,1,promoter,active,295,35,3,7,124,9,149,17,15,1,4,1,28,0,2020_11
1327329640780869633,1,promoter,active,5313,494,60,21,2319,159,2858,307,18,3,58,4,609,51,2020_11
1327333431425044483,1,promoter,active,7802,733,34,244,1372,78,6143,394,114,11,139,6,2344,151,2020_11
1327364787647385600,1,promoter,active,7943,1206,30,46,1079,178,6323,938,304,30,207,14,2100,265,2020_11
1327372367111335937,1,promoter,active,18541,1397,61,137,2723,216,14933,988,358,26,466,30,5496,327,2020_11
1327387035716476929,1,promoter,suspended,12560,3249,20,26,1604,471,10706,2709,83,15,147,28,3690,911,2020_11
1327399595903647744,1,promoter,suspended,677,45,4,7,128,8,480,27,39,2,26,1,207,8,2020_11
1327441371188195328,1,promoter,suspended,349,22,2,4,89,5,195,10,54,2,9,1,83,4,2020_11
1327529451723231232,1,promoter,suspended,7636,1188,4,2,605,144,6932,1025,68,14,27,3,3040,441,2020_11
1327619075971932160,0,detractor,active,19331,1623,19192,1583,7,5,129,33,1,1,2,1,156,40,2020_11
1327623287195709440,1,promoter,active,3775,326,9,8,276,46,3415,266,15,1,60,5,1216,71,2020_11
1327642416778780673,1,promoter,active,546,88,5,16,127,12,390,56,5,2,19,2,95,15,2020_11
1327647020992098305,1,promoter,suspended,2904,256,3,3,136,21,2742,229,14,2,9,1,1020,74,2020_11
1327649331789385728,1,promoter,active,9307,632,11,8,1161,80,8053,541,18,2,64,1,2570,152,2020_11
1327649995940458496,1,promoter,suspended,329,14,2,2,71,2,242,8,11,1,3,1,113,4,2020_11
1327689681861939200,1,promoter,active,9913,701,14,29,1014,86,8801,577,11,1,73,8,3039,183,2020_11
1327705369964122114,1,promoter,suspended,5297,445,4,1,202,24,5063,417,13,2,15,1,2048,152,2020_11
1327748878024798209,1,promoter,active,341,17,2,3,34,2,278,10,26,1,1,1,95,4,2020_11
1327750127679889409,1,promoter,suspended,44100,6291,224,1666,12062,892,29032,3533,1364,101,1418,99,9181,1068,2020_11
1327761129234427904,1,promoter,suspended,1451,110,4,1,426,22,798,72,133,14,90,1,228,15,2020_11
1327763285333172225,1,promoter,active,1978,266,13,125,289,23,1593,109,23,6,60,3,588,26,2020_11
1327795995221123078,1,promoter,active,10737,550,89,118,2465,90,7972,335,87,6,124,1,2805,96,2020_11
1327804765804261376,1,promoter,active,9172,755,34,38,1385,86,7470,606,158,15,125,10,2991,205,2020_11
1327860436587347973,1,promoter,suspended,4808,301,2,6,170,28,4592,265,11,1,33,1,2131,109,2020_11
1327879595538976769,1,promoter,suspended,17311,2147,31,20,2396,315,14804,1803,18,3,62,6,4314,483,2020_11
1327962802938646529,1,promoter,active,13509,1005,31,33,1530,137,11868,827,22,2,58,6,3738,201,2020_11
1327969645660418048,2,promoter,suspended,1918,297,3,10,26,26,1858,252,21,6,10,3,493,75,2020_11
1327994251523747840,1,promoter,active,1365,132,1,1,73,21,1265,107,2,1,24,2,617,52,2020_11
1327998400512475138,1,promoter,active,1374,418,6,3,124,36,1224,375,2,2,18,2,498,188,2020_11
1327998623653769217,1,promoter,suspended,23018,3853,29,28,3318,589,19488,3215,51,6,132,15,6999,1096,2020_11
1328002061305335810,1,promoter,active,6640,472,15,7,1125,86,5343,373,11,1,146,5,1634,85,2020_11
1328013807197810688,1,promoter,active,8411,660,15,6,859,79,7512,573,11,1,14,1,2482,158,2020_11
1328014900505952257,1,promoter,suspended,470,22,1,4,115,4,326,12,19,1,9,1,141,5,2020_11
1328015270963798017,1,promoter,active,7397,536,24,12,1125,84,6114,429,59,8,75,3,2338,132,2020_11
1328048192638779392,1,promoter,deleted,2808,246,4,1,92,20,2690,219,17,4,5,2,1117,73,2020_11
1328065043410391040,1,promoter,active,10696,2933,24,16,1455,389,8882,2459,92,34,243,35,2922,1005,2020_11
1328070809940865024,1,promoter,active,1660,113,6,3,125,14,1519,93,3,2,7,1,548,39,2020_11
1328107210363310081,1,promoter,active,24640,2326,82,656,3678,245,18872,1307,885,64,1123,54,6311,391,2020_11
1328340354504900608,1,promoter,suspended,4129,333,3,1,179,25,3928,302,4,4,15,1,1702,135,2020_11
1328347115534360578,1,promoter,active,3112,235,8,1,198,28,2854,200,3,1,49,5,1076,56,2020_11
1328356251810603016,1,promoter,suspended,2983,729,4,4,257,118,2696,600,12,3,14,4,1150,279,2020_11
1328374098616049664,1,promoter,active,1121,162,7,62,128,14,957,83,11,2,18,1,378,19,2020_11
1328374748959694850,1,promoter,active,33272,3447,193,637,6340,493,25996,2266,223,18,520,33,7836,641,2020_11
1328380989991694336,1,promoter,suspended,7164,982,8,1,539,101,6564,870,35,8,18,2,2444,306,2020_11
1328386573516173314,1,promoter,active,10566,1400,17,7,586,149,9776,1217,28,6,159,21,3243,367,2020_11
1328393027946209286,1,promoter,active,2107,164,5,3,283,23,1773,134,23,3,23,1,681,33,2020_11
1328397297525301248,1,promoter,suspended,4715,706,7,3,180,59,4490,635,13,4,25,5,2000,252,2020_11
1328411861793067010,1,promoter,active,23205,3039,41,92,2406,388,20170,2486,278,37,310,36,6518,715,2020_11
1328418387949719554,1,promoter,suspended,2488,314,1,3,71,23,2350,286,6,1,60,1,846,95,2020_11
1328452034450907138,1,promoter,active,18466,1389,76,199,3010,194,14916,958,177,21,287,17,5378,267,2020_11
1328456077705437190,1,promoter,active,4595,405,2,44,382,44,4134,314,16,2,61,1,1534,105,2020_11
1328469195550576645,1,promoter,active,7786,1649,12,7,941,228,6514,1332,49,14,270,68,2361,335,2020_11
1328471115216240641,1,promoter,active,1012,174,1,1,164,29,823,142,14,1,10,1,206,30,2020_11
1328471539587674116,1,promoter,active,4788,651,6,1,236,63,4535,583,5,1,6,3,1500,157,2020_11
1328478389464932355,1,promoter,suspended,5717,886,7,5,492,104,5170,768,3,1,45,8,1989,277,2020_11
1328484997926318080,1,promoter,suspended,1320,79,5,3,309,22,877,45,79,6,50,3,324,13,2020_11
1328490725969891328,1,promoter,active,2757,328,2,1,231,33,2492,275,3,1,29,18,938,76,2020_11
1328494299743350784,1,promoter,active,8886,743,14,19,827,83,7992,632,36,6,17,3,2585,193,2020_11
1328516374616895488,1,promoter,suspended,7983,772,20,5,587,107,7340,654,10,2,26,4,3007,229,2020_11
1328520751859658752,1,promoter,active,4590,768,9,4,620,118,3642,612,26,7,293,27,1074,178,2020_11
1328643880045035526,1,promoter,suspended,7025,640,5,1,295,53,6707,582,5,1,13,3,2211,163,2020_11
1328714228551753729,1,promoter,active,4579,191,3,10,275,20,4281,159,6,1,14,1,1533,50,2020_11
1328717170721910784,1,promoter,active,3753,214,7,6,406,31,3310,173,11,3,19,1,1219,62,2020_11
1328752247250055177,1,promoter,active,2469,413,8,13,460,85,1915,307,26,4,60,4,605,74,2020_11
1328753692066029568,1,promoter,active,3218,578,16,10,1044,162,2061,386,11,3,86,17,580,83,2020_11
1328767038458916869,1,promoter,active,7775,770,24,91,2020,161,5587,508,25,2,119,8,1772,139,2020_11
1328767117823512577,1,promoter,active,5376,381,11,11,1330,70,3903,296,13,2,119,2,1247,90,2020_11
1328767176828981259,1,promoter,active,5797,545,12,21,1361,108,4306,407,17,3,101,6,1350,135,2020_11
1328769813355712512,1,promoter,active,3206,241,10,20,577,43,2559,173,19,4,41,1,963,38,2020_11
1328789066905686023,1,promoter,active,718,77,1,7,94,13,565,54,2,1,56,2,166,6,2020_11
1328800358420791297,1,promoter,active,3881,473,16,3,681,94,3146,367,11,5,27,4,879,89,2020_11
1328829764312948738,1,promoter,suspended,8743,681,39,85,1630,99,6528,466,358,24,188,7,2347,166,2020_11
1328830381429288962,1,promoter,suspended,11831,1697,60,399,3250,262,7738,963,343,39,440,34,2543,304,2020_11
1328833864970739719,1,promoter,active,4683,647,19,221,475,57,4120,363,10,1,59,5,1416,120,2020_11
1328835111899459584,1,promoter,active,7485,600,7,15,1417,99,5991,479,20,3,50,4,1597,122,2020_11
1328851390177959937,1,promoter,active,1766,215,9,26,243,35,1404,148,19,1,91,5,458,43,2020_11
1328851444431253504,1,promoter,active,3062,174,12,18,447,24,2498,127,23,4,82,1,953,31,2020_11
1328852352787484677,1,promoter,suspended,15366,2416,107,791,3518,279,10721,1275,545,44,475,27,3433,405,2020_11
1328858706944139265,1,promoter,active,1224,474,102,39,100,42,991,383,17,9,14,1,401,145,2020_11
1328885590872498176,1,promoter,active,4732,327,6,7,533,46,4170,272,6,1,17,1,1503,68,2020_11
1328887340073426947,1,promoter,active,596,32,3,1,44,2,529,24,3,3,17,2,182,5,2020_11
1328892704399519746,1,promoter,suspended,6070,602,5,1,582,93,5417,498,26,4,40,6,2247,215,2020_11
1328893051167653888,1,promoter,active,2246,96,4,2,105,10,2129,82,4,1,4,1,857,27,2020_11
1328921766799011841,1,promoter,suspended,22965,2685,31,29,2453,331,20210,2281,188,34,83,10,6664,690,2020_11
1328966507733331971,1,promoter,active,1241,158,30,6,86,11,1118,139,3,1,4,1,377,36,2020_11
1328969920357535744,1,promoter,active,6899,2938,20,41,1208,490,5542,2364,102,32,27,11,1641,683,2020_11
1329024973055385600,0,detractor,active,764,1228,541,1037,12,33,203,150,4,1,4,7,68,57,2020_11
1329053369961365506,1,promoter,active,358,21,1,3,19,5,332,11,3,1,3,1,155,5,2020_11
1329054683441278977,1,promoter,suspended,29303,4458,143,1044,7409,593,20115,2685,731,75,905,61,6854,872,2020_11
1329062860987781121,1,promoter,suspended,35606,2967,80,18,13822,782,20040,2092,748,38,916,37,5407,593,2020_11
1329124867497730052,1,promoter,active,3809,141,2,1,175,14,3590,121,20,4,22,1,1380,41,2020_11
1329128213935747077,1,promoter,active,505,111,10,16,216,29,251,60,12,4,16,2,61,17,2020_11
1329132267986321408,1,promoter,active,4950,611,9,12,485,67,4421,527,12,2,23,3,1442,130,2020_11
1329132416540291075,1,promoter,active,1054,216,1,5,244,35,698,132,7,3,104,41,193,51,2020_11
1329142558337998854,1,promoter,suspended,9492,940,14,5,634,110,8754,812,60,8,30,5,2766,210,2020_11
1329166050781515777,1,promoter,active,1769,123,4,1,78,11,1640,106,32,4,15,1,688,33,2020_11
1329191439511793679,1,promoter,active,419,102,4,1,41,23,369,76,1,1,4,1,154,29,2020_11
1329198099332538368,1,promoter,active,1652,137,2,8,118,6,1516,119,1,3,15,1,602,42,2020_11
1329199661605916679,1,promoter,suspended,1442,603,4,1,131,66,1289,530,5,2,13,4,498,151,2020_11
1329220142417534977,1,promoter,active,2786,241,2,1,195,23,2548,213,19,3,22,1,1011,51,2020_11
1329261913834991616,1,promoter,active,10698,129,36,25,1759,9,8586,93,144,1,173,1,3282,34,2020_11
1329284168321298432,1,promoter,active,3211,347,6,1,316,43,2871,299,6,1,12,3,1011,76,2020_11
1329292819396251652,1,promoter,suspended,5549,418,5,3,309,51,5184,359,28,4,23,1,2106,120,2020_11
1329295102834057217,1,promoter,suspended,30426,2002,157,445,6459,270,21995,1212,958,53,857,22,7285,369,2020_11
1329302352982118400,1,promoter,suspended,7913,561,7,3,573,66,7261,482,41,6,31,4,2764,149,2020_11
1329305120069312513,1,promoter,active,8286,512,9,7,475,53,7731,448,18,1,53,3,2822,137,2020_11
1329368403077894148,2,promoter,suspended,2636,215,4,1,23,28,2593,183,8,2,8,1,1040,195,2020_11
1329405682706247683,1,promoter,suspended,24736,2568,120,535,5972,403,17201,1548,682,46,761,36,6023,497,2020_11
1329425886920155141,1,promoter,active,1925,165,7,9,200,25,1710,129,3,1,5,1,518,30,2020_11
1329431306967666690,1,promoter,suspended,2744,377,3,3,194,59,2513,308,16,6,18,1,993,123,2020_11
1329437052975378442,1,promoter,suspended,6762,667,4,5,315,46,6393,610,31,5,19,1,2462,202,2020_11
1329459995893764102,1,promoter,suspended,22631,2610,105,363,5658,413,15584,1714,668,58,616,62,5028,525,2020_11
1329475287818661891,1,promoter,suspended,1054,103,3,6,165,17,827,76,23,1,36,3,321,20,2020_11
1329475868029317122,1,promoter,suspended,1869,265,7,16,330,46,1417,190,47,4,68,9,487,56,2020_11
1329478149609041927,1,promoter,suspended,19748,2789,85,386,5195,471,13542,1871,467,27,459,34,4198,563,2020_11
1329480371378020353,1,promoter,suspended,2085,333,6,12,368,55,1647,258,27,1,37,7,598,59,2020_11
1329481462446518272,1,promoter,active,3838,323,3,1,411,45,3391,273,9,2,24,2,1246,74,2020_11
1329497395604893699,1,promoter,active,2146,256,1,3,278,53,1845,196,5,2,17,2,639,57,2020_11
1329506566274490370,1,promoter,suspended,5939,604,1,1,299,53,5547,536,70,7,22,7,2149,196,2020_11
1329524661886066702,1,promoter,active,3150,202,12,13,268,32,2766,145,41,8,63,4,1177,68,2020_11
1329560087283658753,1,promoter,active,8150,682,25,133,1400,97,6527,436,93,12,105,4,2499,135,2020_11
1329561515742044161,1,promoter,active,867,45,3,3,64,7,770,32,13,1,17,2,317,10,2020_11
1329583967926882304,1,promoter,suspended,8798,609,35,53,2039,124,6294,411,106,6,324,15,2190,137,2020_11
1329589060600438790,1,promoter,active,13114,925,31,43,2873,180,10084,694,22,2,104,6,2833,188,2020_11
1329595108078063619,0,detractor,active,2706,1874,2517,1479,22,82,161,302,2,6,4,5,88,103,2020_11
1329605306020749313,1,promoter,active,2009,342,3,5,321,62,1666,272,7,1,12,2,557,57,2020_11
1329612592571064322,1,promoter,active,3613,402,8,6,132,27,3429,361,15,2,29,6,1042,88,2020_11
1329619675920011264,1,promoter,suspended,4439,475,3,1,211,42,4153,426,37,4,35,2,1641,161,2020_11
1329639146902614018,1,promoter,suspended,5046,462,2,2,248,35,4770,420,12,4,14,1,2238,168,2020_11
1329741803025801217,1,promoter,active,1908,540,5,10,310,111,1557,409,9,6,27,4,432,89,2020_11
1329763465435734016,1,promoter,active,2363,412,14,6,166,51,2160,352,13,1,10,2,899,93,2020_11
1329784812257890306,1,promoter,suspended,27273,3081,83,518,5204,425,20516,2039,680,56,790,43,7328,685,2020_11
1329794247697043458,1,promoter,active,7648,559,14,7,1822,129,5757,419,9,2,46,2,1735,110,2020_11
1329821433443311622,1,promoter,active,7242,760,14,17,868,103,6277,631,21,4,62,5,2090,160,2020_11
1329919280855408641,1,promoter,suspended,4780,950,6,5,320,77,4391,858,30,6,33,4,1659,293,2020_11
1329961104861224961,1,promoter,active,3955,2255,87,181,1282,361,2461,1690,27,8,98,15,701,457,2020_11
1329985173014929411,1,promoter,active,7252,677,8,71,575,86,6538,490,76,21,55,9,2193,139,2020_11
1330000055714004992,1,promoter,suspended,3534,167,3,1,125,14,3366,146,29,3,11,3,1708,57,2020_11
1330000059002355714,1,promoter,suspended,3591,91,4,3,85,8,3459,75,28,4,15,1,1711,28,2020_11
1330070138855550982,1,promoter,suspended,17190,2749,12,22,1686,359,15269,2345,121,15,102,8,5530,762,2020_11
1330137741078695939,1,promoter,suspended,21034,2128,82,440,3972,278,15727,1307,613,57,640,46,5686,476,2020_11
1330143333033926658,1,promoter,active,3314,298,4,6,209,38,3079,249,13,2,9,3,1178,73,2020_11
1330144633419165700,1,promoter,suspended,5813,396,4,4,300,65,5440,322,32,2,37,3,2362,127,2020_11
1330148622898515969,1,promoter,suspended,44764,5554,308,1727,12798,766,28892,2852,1386,129,1380,80,8981,934,2020_11
1330171771446759425,1,promoter,active,1016,99,6,6,275,15,729,76,3,1,3,1,157,13,2020_11
1330175883018166272,1,promoter,active,9952,748,40,93,1703,99,8055,546,16,3,138,7,2680,159,2020_11
1330184976999079942,1,promoter,suspended,4194,498,1,4,246,59,3907,431,23,3,17,1,1674,140,2020_11
1330185834600026116,1,promoter,active,5814,619,25,63,509,90,5008,436,134,16,138,14,1705,116,2020_11
1330197932856008707,1,promoter,suspended,4269,461,4,1,151,44,4098,412,5,1,11,3,2024,181,2020_11
1330198146358644736,1,promoter,active,3380,287,9,2,285,44,3045,238,14,1,27,2,1164,71,2020_11
1330207558250983427,1,promoter,active,807,95,2,3,58,8,730,82,2,1,15,1,237,16,2020_11
1330207804905414658,1,promoter,active,861,127,3,9,96,19,631,86,117,11,14,2,201,26,2020_11
1330216322505052166,1,promoter,active,9078,552,16,55,741,63,8197,428,42,2,82,4,2870,128,2020_11
1330224161604710400,1,promoter,suspended,5732,397,2,1,231,33,5416,346,66,16,17,1,2099,112,2020_11
1330238900837756931,1,promoter,suspended,8587,815,5,1,479,83,8018,706,54,18,31,7,3279,252,2020_11
1330250873130389504,1,promoter,suspended,17819,2788,16,29,1464,293,16199,2446,49,10,91,10,6557,1019,2020_11
1330256061316608000,1,promoter,active,5843,1475,5,64,426,104,5353,1304,37,2,22,1,2019,453,2020_11
1330265013072883719,1,promoter,active,3140,313,4,3,184,55,2931,247,11,7,10,1,988,72,2020_11
1330294366355795968,1,promoter,active,1515,273,5,41,275,53,1197,177,13,1,25,1,461,40,2020_11
1330321914028580864,1,promoter,active,1112,91,14,21,249,12,834,55,4,1,11,2,297,16,2020_11
1330365512325468169,1,promoter,suspended,11262,897,16,44,730,111,10291,732,114,7,111,3,4240,260,2020_11
1330366212568739844,1,promoter,active,2080,407,6,12,134,51,1926,339,6,1,8,4,762,109,2020_11
1330534667741696000,1,promoter,active,1570,125,4,16,186,20,1328,82,25,5,27,2,558,24,2020_11
1330588363758456832,1,promoter,active,2309,606,1,2,56,33,2215,568,14,2,23,1,853,178,2020_11
1330606002299920387,1,promoter,active,6956,678,17,23,991,86,5840,557,48,8,60,4,2113,151,2020_11
1330636600871673860,1,promoter,active,3562,1043,4,5,67,58,3470,975,5,2,16,3,1291,306,2020_11
1330671677211029506,1,promoter,suspended,39831,7175,136,350,5612,949,33151,5700,382,99,550,77,11339,1854,2020_11
1330675319074922498,1,promoter,active,5112,479,4,1,272,51,4740,414,37,7,59,6,1796,149,2020_11
1330699355544842240,1,promoter,deleted,2249,216,1,1,56,10,2171,203,11,1,10,1,1038,84,2020_11
1330703344449490945,2,promoter,active,2992,340,1,2,16,37,2957,298,4,2,14,1,1286,106,2020_11
1330704664669536256,1,promoter,active,1091,165,1,1,90,10,984,152,8,1,8,1,299,46,2020_11
1330786115830247425,2,promoter,suspended,4911,2150,3,8,110,193,4648,1894,112,46,38,9,1637,398,2020_11
1330868552522403843,1,promoter,active,561,138,4,6,80,17,474,112,1,1,2,2,56,14,2020_11
1330904543299715072,1,promoter,active,379,28,1,1,37,6,329,19,5,1,7,1,142,7,2020_11
1330998693647048706,1,promoter,active,1653,156,3,9,114,23,1512,122,6,1,18,1,545,29,2020_11
1331002868552200192,1,promoter,active,1011,98,6,4,87,15,891,74,14,3,13,2,353,25,2020_11
1331012129214914561,1,promoter,active,4683,244,9,16,266,30,4292,190,36,3,80,5,1671,50,2020_11
1331013512605405184,0,detractor,active,3257,1261,3135,817,19,49,101,392,1,1,1,2,65,118,2020_11
1331040841981419521,1,promoter,active,4983,429,6,45,284,33,4674,347,3,2,16,2,1816,134,2020_11
1331069628806815744,1,promoter,suspended,21549,3078,30,28,2012,401,19130,2613,236,20,141,16,6903,835,2020_11
1331106876126322688,1,promoter,active,3043,193,1,1,90,8,2935,182,4,1,13,1,1105,57,2020_11
1331110531084726272,1,promoter,suspended,13673,1153,19,8,1031,144,12471,981,86,13,66,7,4850,315,2020_11
1331116744392380418,1,promoter,suspended,4976,865,7,6,208,59,4732,788,12,5,17,7,1657,263,2020_11
1331190066828505088,1,promoter,active,5306,548,4,4,244,39,5044,503,4,1,10,1,1861,124,2020_11
1331214247955738624,1,promoter,suspended,32950,5791,124,1027,6597,761,24690,3841,896,119,643,43,8401,1223,2020_11
1331253662312656897,1,promoter,active,1832,144,3,4,183,22,1599,116,15,1,32,1,594,31,2020_11
1331259666181935105,1,promoter,deleted,5783,394,3,3,446,52,5263,334,39,4,32,1,2257,110,2020_11
1331311027426824194,1,promoter,suspended,9949,1059,10,11,620,110,9202,917,56,12,61,9,3551,314,2020_11
1331313103892598784,1,promoter,suspended,8217,961,10,13,483,101,7533,817,93,19,98,11,2842,305,2020_11
1331323087023902721,1,promoter,active,522,83,1,2,95,14,391,64,32,2,3,1,114,13,2020_11
1331353498101948417,2,promoter,active,7219,975,14,12,122,127,6927,812,67,8,89,16,2591,239,2020_11
1331356341324173314,1,promoter,suspended,7351,372,4,3,314,43,6911,322,60,3,62,1,2998,137,2020_11
1331366325629968386,1,promoter,active,18404,2395,36,98,2655,370,15202,1862,233,37,278,28,5325,548,2020_11
1331372171394912258,1,promoter,suspended,9146,1269,5,4,544,146,8508,1109,39,5,50,5,3505,398,2020_11
1331372429034315777,1,promoter,active,3258,187,6,2,203,27,3024,154,9,1,16,3,1099,36,2020_11
1331373180997529603,1,promoter,active,10566,866,20,30,1489,117,8861,701,84,9,112,9,3205,185,2020_11
1331391668814286848,1,promoter,active,2201,305,3,2,179,42,2003,256,9,2,7,3,533,55,2020_11
1331410241519570948,1,promoter,active,1355,333,3,1,134,71,1186,228,18,31,14,2,330,44,2020_11
1331427949342568448,1,promoter,active,25200,2458,85,136,4442,427,19838,1806,442,59,393,30,6114,498,2020_11
1331438263530364932,1,promoter,suspended,7627,737,6,2,423,72,7111,649,53,11,34,3,2932,214,2020_11
1331448417449635841,1,promoter,suspended,7284,551,7,3,398,74,6796,466,52,7,31,1,2574,141,2020_11
1331509957011836928,1,promoter,active,5326,739,5,1,554,116,4719,614,16,3,32,5,1607,147,2020_11
1331587644883656709,1,promoter,active,2234,134,3,2,79,10,2127,116,8,5,17,1,910,44,2020_11
1331626710685650945,1,promoter,suspended,7965,756,7,2,368,92,7500,658,57,3,33,1,2931,208,2020_11
1331651122998767616,1,promoter,suspended,2362,169,4,2,61,17,2263,147,20,2,14,1,1075,60,2020_11
1331662421098967041,1,promoter,active,604,121,5,2,66,17,482,87,12,5,39,10,143,15,2020_11
1331669907478634499,1,promoter,active,3949,707,3,6,380,77,3452,590,94,29,20,5,1196,156,2020_11
1331684437705302018,1,promoter,suspended,20547,2808,87,409,5658,482,13275,1789,803,80,724,48,4193,536,2020_11
1331687739767590920,1,promoter,active,10071,692,17,15,1839,139,8112,532,21,3,82,3,2293,124,2020_11
1331691376459849733,1,promoter,suspended,4680,474,17,34,673,68,3682,349,139,9,169,14,1295,97,2020_11
1331715446194774021,1,promoter,active,6503,1051,82,594,1135,72,5073,368,53,8,160,9,1776,107,2020_11
1331721781854531584,1,promoter,active,11889,1217,20,12,2950,285,8639,883,98,22,182,15,2324,172,2020_11
1331728985055776768,1,promoter,active,15218,1842,29,39,1772,238,13139,1535,64,11,214,19,4163,511,2020_11
1331738482910302208,1,promoter,active,3748,497,2,1,231,50,3496,442,4,2,15,2,1281,132,2020_11
1331738816856666114,1,promoter,suspended,23032,2214,87,206,5914,412,15836,1522,607,46,588,28,5050,433,2020_11
1331740231687692298,1,promoter,suspended,3649,355,4,13,478,54,3042,276,66,3,59,9,1081,66,2020_11
1331745975577108483,1,promoter,active,4594,408,3,9,190,45,4334,335,18,10,49,9,1560,106,2020_11
1331756986707415040,1,promoter,active,14069,3400,62,28,2507,720,11340,2615,47,9,113,28,3201,630,2020_11
1331757743124918272,1,promoter,active,7464,1026,4,3,614,127,6798,885,12,4,36,7,2089,219,2020_11
1331758820087926784,1,promoter,suspended,447,25,4,6,76,3,343,13,16,2,8,1,148,4,2020_11
1331794807501492225,1,promoter,active,15123,993,44,79,2434,166,12181,724,179,15,285,9,4428,202,2020_11
1331798247099297794,1,promoter,active,6220,556,5,2,376,48,5806,504,17,1,16,1,2117,153,2020_11
1331802542964154368,1,promoter,suspended,11460,1377,13,10,834,166,10363,1160,128,22,122,19,3935,368,2020_11
1331826848381218816,1,promoter,active,7243,838,9,9,620,114,6274,671,147,31,193,13,2184,178,2020_11
1331842123096760320,1,promoter,active,7295,702,3,4,259,67,6976,620,34,9,23,2,2383,186,2020_11
1331848912106295296,2,promoter,suspended,4295,562,3,1,76,64,4121,474,71,20,24,3,1636,145,2020_11
1331849802561187844,1,promoter,active,1290,158,9,8,228,31,1010,112,18,4,25,3,349,20,2020_11
1331885418854424576,1,promoter,active,5522,781,8,1,424,102,5010,669,31,2,49,7,2004,227,2020_11
1331932033220751365,1,promoter,active,4924,532,8,7,496,81,4296,431,26,3,98,10,1492,106,2020_11
1331950050273062912,1,promoter,active,512,52,1,1,45,5,461,44,3,1,2,1,146,9,2020_11
1331983801581522953,1,promoter,active,6024,860,9,5,422,80,5497,753,66,16,30,6,1759,178,2020_11
1331984934253125632,1,promoter,active,6701,575,16,38,1014,71,5526,458,72,7,73,1,2101,134,2020_11
1331985876583321601,1,promoter,suspended,2099,487,2,2,53,23,2024,455,6,4,14,3,1011,170,2020_11
1331989057015078913,1,promoter,suspended,1510,289,1,2,135,25,947,233,366,25,61,4,326,54,2020_11
1332002206208249856,1,promoter,active,8605,697,17,29,1240,88,7145,568,87,9,116,3,2524,158,2020_11
1332006376323747840,1,promoter,active,1367,203,1,2,181,36,1163,163,8,1,14,1,466,60,2020_11
1332012711056723968,1,promoter,active,11186,1411,7,11,1951,270,9106,1121,38,2,84,7,2795,294,2020_11
1332026165679120384,1,promoter,suspended,5629,627,5,4,215,54,5384,566,14,2,11,1,2513,219,2020_11
1332030615969886208,1,promoter,suspended,3170,117,1,2,72,8,3083,105,9,1,5,1,1550,36,2020_11
1332038595767578628,1,promoter,active,5459,719,5,2,518,84,4855,627,9,2,72,4,1756,162,2020_11
1332050389525532673,1,promoter,active,3012,300,8,2,238,52,2725,242,12,1,29,3,891,65,2020_11
1332054180949872640,1,promoter,active,5244,306,4,7,491,39,4707,256,7,3,35,1,1718,55,2020_11
1332106723264405504,1,promoter,suspended,12081,1093,11,6,664,91,11334,979,36,10,36,7,4821,403,2020_11
1332109457241862148,1,promoter,suspended,1771,226,3,6,58,19,1691,195,5,5,14,1,835,99,2020_11
1332122983893110784,1,promoter,suspended,25268,3095,30,28,2411,333,22548,2693,136,23,143,18,8013,981,2020_11
1332169019143704579,1,promoter,active,9247,2386,8,10,1002,339,8048,1985,102,25,87,27,2948,471,2020_11
1332172227807113218,1,promoter,active,12892,1471,29,12,1861,232,10923,1222,16,2,63,3,3000,272,2020_11
1332205752036024323,1,promoter,suspended,3630,293,6,1,148,25,3442,262,16,2,18,3,1507,98,2020_11
1332218917536854017,1,promoter,active,2225,160,8,7,142,21,1986,126,64,5,25,1,824,47,2020_11
1332270519199150082,1,promoter,deleted,5729,478,8,2,282,58,5333,410,58,6,48,2,2358,162,2020_11
1332317394165968899,1,promoter,suspended,40452,5242,141,318,11602,1109,25945,3525,1599,150,1165,140,7722,936,2020_11
1332352538855747584,1,promoter,suspended,43168,11433,267,3891,13600,1653,26685,5535,1347,163,1269,191,7702,1588,2020_11
1332357012856967168,1,promoter,active,2215,512,3,1,89,41,2098,467,6,1,19,2,684,148,2020_11
1332364049955303424,2,promoter,active,3975,417,2,8,34,28,3887,374,34,6,18,1,1283,104,2020_11
1332364667478564866,2,promoter,suspended,1765,359,2,4,18,32,1718,320,4,2,23,1,703,140,2020_11
1332371832759066632,1,promoter,active,3854,752,12,5,600,115,2789,580,225,24,228,28,790,135,2020_11
1332384662501683205,1,promoter,active,2182,161,1,1,70,8,2099,150,9,1,3,1,732,34,2020_11
1332405012048334849,1,promoter,active,4314,460,1,3,121,37,4171,417,7,1,14,2,1322,130,2020_11
1332406761123241984,1,promoter,active,500,115,5,2,57,16,431,95,3,1,4,1,190,26,2020_11
1332408216253296640,1,promoter,active,1966,196,1,7,110,18,1829,166,11,3,15,2,776,51,2020_11
1332409493016047616,1,promoter,suspended,8583,762,15,5,1680,123,6858,631,16,2,14,1,1829,161,2020_11
1332428675392868358,1,promoter,active,19849,3348,39,54,2648,560,16404,2609,300,43,458,82,5352,777,2020_11
1332430622892109828,2,promoter,suspended,2155,408,1,3,20,20,2113,382,12,2,9,1,736,139,2020_11
1332468201100283907,1,promoter,active,2132,283,3,1,101,28,1998,248,22,4,8,2,597,73,2020_11
1332502221628399616,1,promoter,suspended,11992,1857,15,1,810,199,11085,1641,28,7,54,9,4248,611,2020_11
1332555800301236224,1,promoter,active,6626,718,7,7,615,70,5888,633,23,2,93,6,2006,185,2020_11
1332681463729418245,1,promoter,active,1198,81,2,3,124,7,1054,68,9,1,9,2,350,19,2020_11
1332698249707175943,1,promoter,active,527,54,3,1,66,11,449,40,5,1,4,1,122,7,2020_11
1332705754156032003,1,promoter,active,12436,1364,26,22,927,174,11404,1158,34,6,45,4,3766,310,2020_11
1332746497922899975,1,promoter,active,3463,328,3,2,225,35,3229,289,2,1,4,1,1182,82,2020_11
1332774405857030148,1,promoter,active,582,188,5,8,139,41,401,127,31,11,6,1,96,36,2020_11
1332796096519823362,1,promoter,suspended,14665,1657,29,25,1037,158,13414,1462,133,9,52,3,4788,439,2020_11
1332797669832581122,1,promoter,active,4538,290,7,21,328,33,3990,227,85,2,128,7,1540,54,2020_11
1332807813098336262,1,promoter,suspended,11180,824,13,3,664,105,10285,700,138,9,80,7,4039,232,2020_11
1332832794750357504,1,promoter,active,1911,229,2,1,72,22,1824,200,5,4,8,2,719,59,2020_11
1332838620756000769,1,promoter,active,7398,805,30,257,1378,74,5865,465,19,1,106,8,2206,131,2020_11
1332839514423889920,1,promoter,suspended,1632,150,8,23,285,24,1232,95,42,3,65,5,507,30,2020_11
1332859906865631232,1,promoter,suspended,18857,3035,19,6,1790,356,16621,2641,300,23,127,9,6141,895,2020_11
1332870927890132992,1,promoter,suspended,3262,398,2,1,61,15,3171,379,5,1,23,2,1431,134,2020_11
1332871796090155009,1,promoter,suspended,8860,1211,11,10,607,117,8059,1064,34,5,149,15,3291,365,2020_11
1332895810313392130,1,promoter,active,5342,266,1,25,376,24,4817,214,54,2,94,1,1926,69,2020_11
1332956647921053697,1,promoter,suspended,9877,1053,10,6,506,135,9117,901,171,8,73,3,3797,326,2020_11
1333047706000916486,1,promoter,suspended,9649,844,9,2,614,93,8947,746,36,2,43,1,3819,245,2020_11
1333053408392196100,1,promoter,suspended,12277,1780,11,9,927,224,11137,1517,108,10,94,20,4348,546,2020_11
1333060349843615745,1,promoter,suspended,6026,743,2,11,311,81,5568,631,26,3,119,17,2588,246,2020_11
1333068963366973443,1,promoter,suspended,2331,209,4,20,398,38,1820,143,54,5,55,3,756,37,2020_11
1333069166614601728,1,promoter,suspended,7736,747,6,2,362,69,7303,669,37,6,28,1,2918,226,2020_11
1333069486484840450,1,promoter,active,974,117,3,2,58,13,907,100,1,1,5,1,320,22,2020_11
1333070486532722688,1,promoter,suspended,14147,2428,22,86,1063,242,12931,2087,75,6,56,7,4617,650,2020_11
1333071842530234375,1,promoter,suspended,6439,680,5,16,299,73,6001,566,96,20,38,5,2471,193,2020_11
1333104902306979841,1,promoter,suspended,1681,114,9,3,60,13,1592,96,10,1,10,1,699,39,2020_11
1333117984940978177,2,promoter,suspended,4001,418,7,4,31,33,3854,369,42,3,67,9,1525,108,2020_11
1333118419500056576,1,promoter,suspended,3334,302,1,2,117,33,3200,264,4,1,12,2,1366,89,2020_11
1333121054210977794,1,promoter,active,1891,193,3,1,56,22,1810,167,10,1,12,2,828,67,2020_11
1333136666496692224,1,promoter,active,684,100,2,2,113,20,550,75,9,2,10,1,254,22,2020_11
1333145604407627776,1,promoter,active,3741,295,5,17,300,33,3399,242,12,2,25,1,1313,89,2020_11
1333151972032204806,1,promoter,active,1156,131,1,1,52,10,1073,117,6,1,24,2,361,38,2020_11
1333221398764941312,1,promoter,active,2342,417,6,4,254,39,2053,370,8,1,21,3,714,71,2020_11
1333233152081469440,1,promoter,active,9558,880,11,5,652,88,8844,782,16,4,35,1,3201,207,2020_11
1333243285389914112,1,promoter,suspended,37725,5247,160,832,9441,862,26084,3433,1079,66,961,54,8111,969,2020_11
1333284816935129088,1,promoter,suspended,7991,630,3,8,335,63,7475,541,114,14,64,4,3098,177,2020_11
1333287444456812544,1,promoter,suspended,14868,1729,22,12,1501,223,13018,1458,212,25,115,11,5177,518,2020_11
1333296189568114689,1,promoter,suspended,11529,760,5,6,698,87,10548,646,170,14,108,7,4425,245,2020_11
1333296224896774145,1,promoter,suspended,3456,216,1,3,131,16,3273,195,31,1,20,1,1394,59,2020_11
1333367399551102978,1,promoter,active,1893,83,2,9,141,6,1708,64,16,3,26,1,819,23,2020_11
1333387866320363521,1,promoter,suspended,3801,373,3,2,179,32,3581,337,14,1,24,1,1186,100,2020_11
1333406292191297536,1,promoter,active,7753,628,17,13,1461,114,6219,497,14,1,42,3,1908,118,2020_11
1333408374764015619,1,promoter,suspended,11990,1893,9,7,980,231,10710,1589,211,47,80,19,4313,634,2020_11
1333426106309939208,1,promoter,active,1974,290,3,8,189,32,1368,219,377,28,37,3,490,69,2020_11
1333430836859953157,1,promoter,suspended,3354,223,4,14,330,36,2891,167,49,2,80,4,1246,37,2020_11
1333433520832786434,1,promoter,suspended,3107,143,2,1,87,10,2946,128,41,3,31,1,1324,50,2020_11
1333461216057036800,1,promoter,active,4061,226,1,1,436,37,3600,186,10,1,14,1,1226,55,2020_11
1333463037601169408,1,promoter,active,13310,1439,93,226,2933,217,9787,936,202,27,295,33,3573,275,2020_11
1333475577337180168,1,promoter,active,4872,369,9,2,1205,62,3634,301,16,3,8,1,955,59,2020_11
1333481365749329920,1,promoter,active,1383,154,1,5,167,32,1170,113,24,2,21,2,372,30,2020_11
1333508952957575169,1,promoter,active,170,63,15,27,33,5,106,28,2,2,14,1,40,7,2020_11
1333530175770857475,1,promoter,active,8420,1402,12,39,1105,200,7082,1123,102,24,119,16,2042,265,2020_11
1333551286348902403,1,promoter,suspended,4432,467,4,2,256,49,4121,404,30,6,21,6,1626,148,2020_11
1333552932961345543,2,promoter,suspended,2283,137,2,2,6,9,2262,122,8,3,5,1,862,44,2020_11
1333556242984431616,1,promoter,suspended,14282,2162,135,385,1984,215,11417,1515,461,36,285,11,4268,484,2020_11
1333562182232104965,1,promoter,active,10965,917,26,28,1752,115,8971,760,71,8,145,6,3336,229,2020_12
1333566240649080837,1,promoter,suspended,1883,188,5,8,239,26,1547,148,42,5,50,1,678,45,2020_12
1333594453429407746,1,promoter,suspended,4334,352,1,1,133,35,4109,311,66,4,25,1,1958,122,2020_12
1333604134897864705,1,promoter,active,10940,1313,47,168,2201,174,8521,960,38,4,133,7,2588,222,2020_12
1333610260381175813,1,promoter,suspended,11180,811,35,112,1966,99,8404,550,480,35,295,15,3277,182,2020_12
1333611986219839490,1,promoter,active,5394,285,15,4,1412,73,3942,206,13,1,12,1,1119,50,2020_12
1333658872981172224,1,promoter,suspended,7738,433,5,4,370,56,7183,353,123,15,57,5,2703,133,2020_12
1333665097043107842,1,promoter,suspended,13694,1577,16,5,1073,182,12256,1358,243,23,106,9,4749,565,2020_12
1333676080469782528,1,promoter,suspended,5138,616,9,2,286,64,4733,535,77,13,33,2,1948,163,2020_12
1333677245781651457,1,promoter,active,2391,940,1,3,268,132,2064,781,3,1,55,23,1129,358,2020_12
1333677317760163840,1,promoter,suspended,5125,435,6,1,304,44,4736,380,37,6,42,4,1972,127,2020_12
1333754443637137408,1,promoter,active,441,87,6,17,74,15,356,53,2,1,3,1,97,15,2020_12
1333774107624685569,1,promoter,active,7450,583,6,13,719,87,6410,452,141,21,174,10,2258,135,2020_12
1333775231991697409,1,promoter,active,6704,554,10,28,720,76,5626,431,150,10,198,9,1891,109,2020_12
1333789500598697987,1,promoter,active,9508,922,62,68,1608,113,7542,718,141,13,155,10,2838,191,2020_12
1333792169174331393,1,promoter,active,8611,654,10,76,765,80,7477,473,151,16,208,9,2612,142,2020_12
1333809670528655360,2,promoter,active,4123,396,3,6,59,46,3921,333,83,2,57,9,1448,90,2020_12
1333853728944889858,0,detractor,active,4970,2957,4812,2268,7,96,141,579,1,1,9,13,86,190,2020_12
1333857049294344194,1,promoter,suspended,10592,774,78,216,3210,124,6283,392,538,31,483,11,2116,113,2020_12
1333863535538032650,1,promoter,active,5643,1147,42,134,733,153,4665,837,110,14,93,9,1525,241,2020_12
1333865474061258753,1,promoter,active,2838,237,9,8,255,33,2473,186,48,7,53,3,894,43,2020_12
1333865675266330627,1,promoter,active,109,110,50,46,41,19,12,41,3,2,3,2,6,13,2020_12
1333868955652345856,1,promoter,active,343,70,4,3,44,11,248,49,38,3,9,4,85,10,2020_12
1333875690937196545,1,promoter,suspended,1990,316,3,3,534,80,843,208,533,19,77,6,229,48,2020_12
1333877883459284994,1,promoter,suspended,138,31,1,1,6,4,126,24,3,1,2,1,85,15,2020_12
1333898169026048000,1,promoter,active,6674,727,14,15,1044,119,5574,589,10,2,32,2,1768,150,2020_12
1333903886839582739,1,promoter,suspended,1639,423,1,6,54,35,1569,378,6,3,9,1,612,153,2020_12
1333916688614649857,1,promoter,active,1269,203,1,1,209,32,1045,166,7,2,7,2,325,50,2020_12
1333919572693561350,1,promoter,active,10307,842,14,53,1116,101,8872,670,119,8,186,10,3031,160,2020_12
1333921563763044352,1,promoter,active,7583,652,25,26,1303,103,6170,518,12,1,73,4,1851,115,2020_12
1333937356185997312,1,promoter,active,15077,3399,61,72,2385,463,12138,2689,207,95,286,80,4223,755,2020_12
1333940136351059968,1,promoter,active,3920,607,13,5,345,83,3539,516,10,1,13,2,1438,150,2020_12
1333950643913060352,1,promoter,deleted,4439,478,6,13,623,58,3720,403,65,2,25,2,1295,93,2020_12
1333954336699846657,1,promoter,active,3042,268,9,20,231,37,2694,200,60,10,48,1,1095,58,2020_12
1333975991518187521,1,promoter,suspended,13263,1983,141,668,2380,199,10055,1078,379,27,308,11,3726,338,2020_12
1333980951735484416,2,promoter,active,1636,334,5,3,21,26,1599,301,2,1,9,3,484,77,2020_12
1334096847707762689,1,promoter,suspended,16506,2319,14,22,1822,346,14320,1896,200,40,150,15,5837,661,2020_12
1334107931810426887,1,promoter,active,101,14,1,1,5,3,88,8,1,1,6,1,41,2,2020_12
1334124797450719233,1,promoter,suspended,2664,271,3,1,207,40,2376,224,51,5,27,1,951,85,2020_12
1334146567448608770,1,promoter,active,13454,1493,30,20,4021,347,9325,1118,29,5,49,3,2431,226,2020_12
1334155285909409801,1,promoter,suspended,28670,2892,106,337,6971,489,19746,1947,973,72,874,47,6481,518,2020_12
1334161449778810880,1,promoter,active,3958,410,9,11,401,44,3522,353,12,1,14,1,1181,104,2020_12
1334185578313773057,1,promoter,suspended,16333,1720,11,46,1510,234,14551,1426,133,4,128,10,5996,559,2020_12
1334190420411244544,1,promoter,active,480,90,3,10,28,14,446,64,1,1,2,1,161,24,2020_12
1334200857714446339,1,promoter,active,1029,135,3,2,38,15,981,116,1,1,6,1,529,47,2020_12
1334238613907918854,1,promoter,active,854,139,1,3,85,13,713,109,47,11,8,3,273,35,2020_12
1334252206787342348,1,promoter,suspended,3389,198,1,2,116,29,3214,160,33,3,25,4,1591,74,2020_12
1334257552490639367,1,promoter,active,2410,684,5,8,316,224,1452,338,604,102,33,12,531,134,2020_12
1334261315519606786,1,promoter,active,189,33,1,1,21,6,154,23,7,2,6,1,57,4,2020_12
1334261639332433921,1,promoter,suspended,13814,1875,11,12,1468,278,12012,1559,179,14,144,12,4545,457,2020_12
1334269870461120513,1,promoter,active,2192,167,3,1,76,12,2056,148,39,3,18,3,849,38,2020_12
1334269911837913088,0,detractor,active,268,199,48,61,4,21,205,114,5,2,6,1,56,40,2020_12
1334271141486145538,1,promoter,active,2480,452,8,11,253,54,2177,373,25,7,17,7,899,113,2020_12
1334273656697073667,1,promoter,active,614,188,23,67,211,43,348,75,11,2,21,1,102,19,2020_12
1334304796036239361,1,promoter,suspended,2883,219,8,8,376,37,2377,168,57,4,65,2,948,47,2020_12
1334317185737494528,1,promoter,active,2444,195,7,9,417,42,1908,138,60,4,52,2,744,35,2020_12
1334338695718121473,1,promoter,suspended,8357,805,11,13,559,91,7665,694,73,4,49,3,2955,213,2020_12
1334350315194347520,1,promoter,suspended,3862,387,10,12,134,47,3616,318,82,7,20,3,1577,93,2020_12
1334355188296151042,1,promoter,active,832,142,3,3,183,30,641,106,1,1,4,2,184,29,2020_12
1334476076509237252,1,promoter,active,3508,361,2,2,128,27,3370,330,2,1,6,1,1200,104,2020_12
1334507412469018627,1,promoter,suspended,1595,87,1,1,54,9,1491,73,39,3,10,1,723,26,2020_12
1334508055606697984,1,promoter,active,2449,222,5,5,219,22,2150,189,51,3,24,3,986,59,2020_12
1334545901063467008,1,promoter,active,1814,425,2,3,213,59,1547,352,12,6,40,5,492,76,2020_12
1334563729594314753,1,promoter,active,574,204,9,26,241,88,318,87,4,1,2,2,57,8,2020_12
1334568182154194949,1,promoter,active,2358,192,3,4,276,23,2046,161,12,2,21,2,727,51,2020_12
1334578396911837186,1,promoter,suspended,2807,176,5,2,168,22,2578,148,31,2,25,2,1092,50,2020_12
1334580269941190656,1,promoter,active,9489,3534,24,31,2035,835,7043,2586,217,50,170,32,2114,1046,2020_12
1334588448943042560,1,promoter,active,1736,364,2,1,168,56,1551,304,11,2,4,1,516,74,2020_12
1334588536570466304,1,promoter,active,3409,786,3,4,680,142,2640,619,42,11,44,10,835,157,2020_12
1334593336120733696,1,promoter,suspended,3058,578,5,3,183,75,2810,489,42,6,18,5,997,165,2020_12
1334599756480442368,1,promoter,suspended,3579,302,12,4,379,53,3107,240,49,3,32,2,1294,84,2020_12
1334603266982895622,1,promoter,suspended,3452,234,8,1,205,25,3160,201,55,6,24,1,1362,75,2020_12
1334618112868675585,1,promoter,active,2931,452,7,6,459,83,2395,357,35,5,35,1,678,68,2020_12
1334619931011375110,1,promoter,active,2344,263,12,7,635,82,1659,172,7,1,31,1,557,28,2020_12
1334620118765039617,1,promoter,active,3248,275,7,13,245,33,2891,218,72,8,33,3,1079,52,2020_12
1334620731045507073,1,promoter,active,20735,3273,54,162,4123,555,15551,2464,514,52,493,40,4717,697,2020_12
1334623692492566532,1,promoter,active,5520,1067,14,17,2291,362,3175,682,16,1,24,5,829,130,2020_12
1334626262720114688,1,promoter,active,1908,239,4,3,146,28,1740,205,5,2,13,1,595,53,2020_12
1334637505262575618,1,promoter,active,2907,360,5,2,290,59,2596,296,5,1,11,2,896,76,2020_12
1334638914716520448,1,promoter,active,3424,436,7,3,284,53,3087,374,24,5,22,1,960,77,2020_12
1334658704914964481,1,promoter,suspended,2488,274,5,1,97,19,2302,245,58,7,26,2,998,80,2020_12
1334697677456515073,1,promoter,active,7860,954,12,5,378,72,7441,872,10,2,19,3,2294,253,2020_12
1334783288779673603,1,promoter,suspended,6058,741,6,7,914,90,5064,631,49,6,25,7,1586,189,2020_12
1334825233610633217,0,detractor,active,3739,3161,3421,1614,12,178,287,1359,16,8,3,2,124,315,2020_12
1334849951629774848,1,promoter,active,732,249,3,1,88,42,619,200,8,3,14,3,248,49,2020_12
1334870143583875074,1,promoter,active,2167,241,2,1,135,21,2017,217,5,1,8,1,802,55,2020_12
1334876078494556160,1,promoter,suspended,3827,380,4,1,164,25,3644,351,2,2,13,1,1698,138,2020_12
1334878351970938883,1,promoter,active,16178,1457,26,101,2418,237,12876,1076,458,23,400,20,4118,301,2020_12
1334878670893223938,1,promoter,suspended,7895,792,6,6,587,110,7129,662,115,11,58,3,2972,258,2020_12
1334885166595104768,1,promoter,suspended,2017,130,1,1,54,13,1934,113,20,2,8,1,935,43,2020_12
1334928502064369668,1,promoter,active,6386,728,10,7,477,70,5810,646,22,3,67,2,1904,191,2020_12
1334929532684558341,0,detractor,active,4914,1819,4619,330,6,190,285,1295,2,2,2,2,129,304,2020_12
1334934350811471872,1,promoter,active,5358,341,15,27,1181,72,4117,240,8,1,37,1,1400,60,2020_12
1334952723968634881,1,promoter,suspended,3177,286,7,4,505,37,2531,241,63,2,71,2,951,66,2020_12
1334954154134020097,1,promoter,active,3885,720,3,3,161,92,3648,609,41,12,32,4,1265,179,2020_12
1334956995389034504,1,promoter,active,4930,324,7,4,613,54,4287,263,7,2,16,1,1689,85,2020_12
1334962965540450314,1,promoter,suspended,10052,446,11,3,543,44,9232,386,120,4,146,9,3914,137,2020_12
1334963173590519813,1,promoter,active,2906,250,7,7,101,19,2780,222,8,1,10,1,1086,65,2020_12
1334970958646554626,1,promoter,active,74,11,1,1,7,2,58,5,7,2,1,1,18,1,2020_12
1334982029117714432,1,promoter,active,13489,1336,19,29,1610,181,11278,1083,305,27,277,16,3785,284,2020_12
1334991611403640838,1,promoter,suspended,12087,788,41,252,2265,78,8909,427,494,22,378,9,3453,141,2020_12
1335032263994650624,1,promoter,suspended,2006,143,4,9,211,13,1681,109,41,3,69,9,700,35,2020_12
1335046813963984898,1,promoter,active,3876,951,5,4,688,157,3167,787,6,1,10,2,831,155,2020_12
1335057879573929984,1,promoter,suspended,5387,270,3,1,238,24,5039,237,62,6,45,2,2635,117,2020_12
1335067528972951552,1,promoter,active,6484,350,15,10,454,30,5924,297,54,11,37,2,2349,80,2020_12
1335085350042079233,1,promoter,suspended,938,87,1,1,83,12,664,62,127,10,63,2,242,12,2020_12
1335106712026689536,2,promoter,active,1746,488,8,43,15,51,1695,380,21,13,7,1,568,89,2020_12
1335219561541603328,1,promoter,suspended,266,38,1,1,27,3,199,29,31,4,8,1,85,6,2020_12
1335225504899739649,1,promoter,active,7797,2566,10,11,1300,363,6418,2177,31,6,38,9,2086,556,2020_12
1335230447203311619,1,promoter,active,9079,1927,4,1,801,208,8201,1710,20,6,53,2,2415,500,2020_12
1335232697908817923,1,promoter,active,4387,395,2,4,352,36,4012,352,5,2,16,1,1450,94,2020_12
1335247038443905029,1,promoter,active,2851,271,3,3,214,42,2584,219,20,3,30,4,1046,76,2020_12
1335248821551558658,1,promoter,suspended,5483,581,9,3,265,69,5110,502,66,6,33,1,2195,188,2020_12
1335250345690271745,1,promoter,suspended,2765,178,3,1,131,17,2556,155,57,2,18,3,1173,58,2020_12
1335253511232163842,1,promoter,suspended,3558,302,3,1,234,33,3185,253,87,11,49,4,1398,92,2020_12
1335257718358241283,1,promoter,suspended,6060,844,6,6,453,94,5407,664,133,71,61,9,2321,265,2020_12
1335259342283673603,1,promoter,suspended,6199,965,6,2,544,115,5523,789,76,56,50,3,2346,268,2020_12
1335269991000797184,1,promoter,suspended,21736,3755,30,96,2219,493,18968,3092,344,48,175,26,7039,1009,2020_12
1335271187077795843,1,promoter,active,10284,1112,15,3,671,89,9507,1016,21,1,70,3,3166,265,2020_12
1335279319229198336,1,promoter,active,642,77,1,1,31,8,607,66,1,1,2,1,220,18,2020_12
1335288571880558593,1,promoter,active,10736,949,16,10,1899,159,8781,778,10,1,30,1,2762,168,2020_12
1335394721615720449,1,promoter,active,27689,2299,60,91,4064,346,23099,1837,143,19,323,6,7668,534,2020_12
1335397806991945728,1,promoter,suspended,1835,135,1,1,70,14,1737,118,10,1,17,1,908,46,2020_12
1335411985245216768,1,promoter,active,3952,310,13,28,361,43,3466,231,51,7,61,1,1468,63,2020_12
1335413770139549697,1,promoter,suspended,31068,3515,127,346,6928,569,22122,2475,1044,86,847,39,7274,704,2020_12
1335413828851523584,1,promoter,suspended,1519,184,23,23,66,15,1375,144,35,1,20,1,672,38,2020_12
1335416110368382977,1,promoter,suspended,7406,549,11,7,356,58,6885,479,101,4,53,1,2970,131,2020_12
1335425288780570627,1,promoter,suspended,1284,127,2,2,42,15,1187,108,42,1,11,1,589,27,2020_12
1335426398077464576,1,promoter,active,2055,426,9,58,216,50,1812,316,8,1,10,1,624,108,2020_12
1335441085166968833,1,promoter,suspended,16008,1679,22,14,1349,217,14450,1433,103,9,84,6,6130,563,2020_12
1335470326898155520,1,promoter,suspended,9800,1402,16,29,902,172,8668,1172,97,15,117,14,3092,344,2020_12
1335547703640600577,1,promoter,active,1204,97,4,5,109,15,1040,74,18,2,33,1,351,17,2020_12
1335548896597004292,1,promoter,active,8930,1290,25,102,1433,222,7264,944,86,14,122,8,2037,186,2020_12
1335596266823143424,1,promoter,active,622,90,1,1,52,8,549,78,7,1,13,2,188,17,2020_12
1335602909476777984,1,promoter,active,4248,525,13,16,150,39,4072,466,3,1,10,3,1280,109,2020_12
1335625990278696960,2,promoter,active,1581,116,3,1,11,15,1528,97,28,2,11,1,733,39,2020_12
1335650142159048704,1,promoter,active,4122,448,5,15,240,33,3847,398,13,1,17,1,1357,109,2020_12
1335672345894268938,1,promoter,active,16138,2214,146,219,3369,292,10915,1531,434,49,1274,123,4001,461,2020_12
1335683646850785281,1,promoter,suspended,2590,111,5,1,141,9,2395,99,29,1,20,1,1127,25,2020_12
1335691538152755209,1,promoter,suspended,4703,1221,7,4,689,186,3962,1018,30,11,15,2,1434,312,2020_12
1335693022638510083,1,promoter,active,338,20,2,4,34,2,296,11,3,2,3,1,104,7,2020_12
1335700417297190913,1,promoter,active,204,65,5,1,25,10,144,36,1,1,29,17,52,13,2020_12
1335796393399775233,1,promoter,suspended,14530,1164,52,169,3151,183,10392,763,571,36,364,13,3908,216,2020_12
1335808989955837955,1,promoter,suspended,4713,432,4,1,307,46,4226,362,103,18,73,5,1934,125,2020_12
1335841007070552067,1,promoter,suspended,6359,548,2,2,410,72,5824,466,78,7,45,1,2687,143,2020_12
1335973533088772097,1,promoter,active,3699,319,5,4,447,49,3198,262,21,2,28,2,1137,83,2020_12
1336002544213045250,1,promoter,active,875,220,1,3,39,13,817,201,11,2,7,1,330,69,2020_12
1336020137053306881,1,promoter,suspended,5081,585,6,6,307,69,4615,476,93,23,60,11,2089,201,2020_12
1336023611233234946,1,promoter,active,232,258,61,9,53,36,115,208,2,4,1,1,47,69,2020_12
1336028060324401152,1,promoter,active,6948,1123,13,3,343,91,6514,1021,32,7,46,1,2117,288,2020_12
1336036067506581504,1,promoter,active,2511,289,2,1,234,41,2261,243,2,1,12,3,785,69,2020_12
1336057666116972545,1,promoter,active,7405,713,11,8,541,67,6771,632,34,2,48,4,2327,171,2020_12
1336061603549208578,1,promoter,active,5647,221,5,5,217,19,5340,194,48,2,37,1,2669,74,2020_12
1336065174084661248,1,promoter,active,8533,1040,17,63,964,160,7439,813,27,1,86,3,2540,214,2020_12
1336075583609040897,1,promoter,active,5483,1364,12,1,741,206,4528,1128,159,20,43,9,1636,294,2020_12
1336083595354656771,1,promoter,active,2162,256,2,4,159,31,1978,217,13,2,10,2,748,56,2020_12
1336108413319786498,1,promoter,active,2492,203,4,2,189,27,2276,172,11,1,12,1,852,45,2020_12
1336113441166200834,1,promoter,active,1434,79,3,2,55,7,1335,68,10,1,31,1,529,17,2020_12
1336184395074588673,1,promoter,suspended,12556,1190,15,5,1309,194,10973,954,133,11,126,26,4800,414,2020_12
1336290017619161088,1,promoter,active,1725,233,5,1,137,25,1567,202,6,2,10,3,510,34,2020_12
1336326972222291972,1,promoter,active,3300,299,4,2,376,44,2855,246,27,3,38,4,959,78,2020_12
1336347660593344512,1,promoter,suspended,3312,232,5,4,130,26,3115,200,41,1,21,1,1563,74,2020_12
1336390712380813313,1,promoter,suspended,10256,576,21,26,950,53,9059,479,125,17,101,1,3849,157,2020_12
1336405228644675586,1,promoter,suspended,5056,264,3,1,208,22,4747,237,50,2,48,2,2050,74,2020_12
1336407510069161988,1,promoter,suspended,28481,254,110,22,5339,24,21920,204,577,2,535,2,8082,57,2020_12
1336409829896843266,1,promoter,active,4545,1581,55,35,517,316,3852,1194,73,19,48,17,1381,334,2020_12
1336410263126478848,1,promoter,suspended,2005,713,6,4,240,124,1727,576,14,6,18,3,694,189,2020_12
1336442519677251587,1,promoter,active,6314,1459,16,11,765,228,5435,1173,36,28,62,19,1658,318,2020_12
1336448830523498498,1,promoter,active,1083,273,7,40,366,105,684,121,10,6,16,1,232,19,2020_12
1336491821548130305,1,promoter,suspended,4967,377,5,2,450,39,4311,327,154,7,47,2,1877,110,2020_12
1336672916088516614,0,detractor,active,351,588,246,96,1,143,93,324,9,14,2,11,42,80,2020_12
1336688887322861570,1,promoter,active,705,254,22,2,102,49,566,191,4,4,11,8,209,67,2020_12
1336694029111660544,1,promoter,active,7637,1636,40,38,1994,402,5415,1157,85,20,103,19,1466,224,2020_12
1336695740446384130,1,promoter,active,2797,548,18,12,819,181,1942,348,6,1,12,6,494,52,2020_12
1336708080491520006,1,promoter,active,9618,1470,15,4,871,180,8621,1267,45,8,66,11,3070,389,2020_12
1336723304292421632,1,promoter,active,12503,1752,35,36,1871,248,10477,1451,43,7,77,10,3321,371,2020_12
1336732398629888001,1,promoter,active,4546,360,6,39,358,34,4017,276,90,10,75,1,1498,83,2020_12
1336732887530528768,1,promoter,active,6976,504,6,1,356,44,6579,455,15,1,20,3,2562,157,2020_12
1336761526280138753,1,promoter,active,11942,861,17,23,1027,81,10487,746,208,6,203,5,3746,226,2020_12
1336771173619650560,1,promoter,active,1678,209,3,8,145,28,1492,165,20,7,18,1,509,39,2020_12
1336792790987137031,1,promoter,active,1006,266,16,7,231,57,651,183,82,16,26,3,222,43,2020_12
1336799525537800193,1,promoter,active,5643,829,2,3,486,83,5122,736,9,3,24,4,1930,191,2020_12
1336811823232921600,1,promoter,suspended,49616,8679,195,761,16194,1814,29451,5575,2330,362,1446,167,8863,1691,2020_12
1336823312903639041,1,promoter,active,7835,507,21,7,1061,84,6627,407,27,3,99,6,2514,127,2020_12
1336854953579646976,1,promoter,suspended,21329,3101,26,10,1816,380,19211,2696,175,6,101,9,6833,789,2020_12
1336876501963300865,1,promoter,active,7447,847,12,14,553,105,6814,723,32,3,36,2,2457,207,2020_12
1336974202512019457,1,promoter,active,143,41,25,5,37,9,75,25,2,1,4,1,14,3,2020_12
1337011145664815105,1,promoter,active,702,63,2,1,34,11,650,48,4,1,12,2,262,12,2020_12
1337011946953072641,1,promoter,active,14180,1590,20,52,1420,198,12160,1305,326,24,254,11,4722,448,2020_12
1337017367214379009,1,promoter,active,6790,432,44,74,1029,60,5566,289,77,7,74,2,2338,75,2020_12
1337019432342855680,1,promoter,active,2182,89,1,3,53,8,2099,74,20,2,9,2,897,25,2020_12
1337029152327802881,1,promoter,active,3531,260,6,16,278,35,3105,203,87,3,55,3,1234,67,2020_12
1337036926327656450,1,promoter,active,18889,1763,42,15,3738,334,14963,1410,59,1,87,3,4287,368,2020_12
1337043739915788292,1,promoter,suspended,22940,2188,63,244,4993,370,16742,1530,664,26,478,18,6055,458,2020_12
1337089410068860929,1,promoter,suspended,8244,429,14,3,486,47,7540,373,126,2,78,4,3338,125,2020_12
1337101740240416768,1,promoter,active,1318,241,11,1,152,39,1143,198,1,1,11,2,438,78,2020_12
1337105777505480706,1,promoter,active,1968,289,8,8,334,54,1550,218,12,5,64,4,485,51,2020_12
1337124368762228743,1,promoter,suspended,11376,1026,10,5,777,119,10434,896,86,2,69,4,4080,316,2020_12
1337168397398921217,1,promoter,active,7399,1053,14,5,613,129,6636,896,46,1,90,22,2602,240,2020_12
1337194529087234048,1,promoter,suspended,5927,487,3,4,353,53,5459,423,66,5,46,2,2507,154,2020_12
1337202864486223873,1,promoter,suspended,6954,565,4,2,676,85,6167,473,67,4,40,1,2677,168,2020_12
1337203526880141312,1,promoter,suspended,959,100,2,1,61,9,867,86,3,2,26,2,344,24,2020_12
1337206008565796864,1,promoter,suspended,6610,589,5,3,335,56,6219,521,22,4,29,5,2905,229,2020_12
1337249737687375873,1,promoter,active,1004,150,4,4,154,31,818,112,26,2,2,1,224,25,2020_12
1337251453359026183,1,promoter,suspended,9985,747,14,6,730,89,8917,629,191,15,133,8,3711,225,2020_12
1337252977871106049,1,promoter,suspended,5558,331,6,3,246,27,5207,293,60,7,39,1,2405,125,2020_12
1337254492069367809,1,promoter,active,3848,300,9,5,416,36,3392,257,8,1,23,1,1044,63,2020_12
1337264198041133057,1,promoter,suspended,3984,227,6,1,117,23,3789,199,34,3,38,1,1879,65,2020_12
1337384885481336832,1,promoter,active,3478,249,6,3,224,24,3194,219,22,2,32,1,1355,63,2020_12
1337485320301006848,1,promoter,active,826,130,7,16,82,16,706,91,22,4,9,3,233,29,2020_12
1337527990805274627,1,promoter,active,19573,2243,44,17,5252,452,14105,1762,102,9,70,3,3732,364,2020_12
1337544827555221515,1,promoter,suspended,6996,884,5,44,421,104,6452,698,58,7,60,31,2861,236,2020_12
1337573459824697344,1,promoter,active,4618,641,9,14,513,93,4053,526,16,4,27,4,1510,98,2020_12
1337575073704718339,1,promoter,suspended,1457,155,1,1,82,20,1338,129,29,3,7,2,729,62,2020_12
1337578033377669122,1,promoter,active,441,28,1,1,14,5,416,20,4,1,6,1,146,2,2020_12
1337637023063048193,1,promoter,active,8318,583,16,6,753,82,7451,487,47,5,51,3,2416,123,2020_12
1337745268591259648,1,promoter,suspended,44054,27094,211,3043,13964,6612,27312,16198,1593,861,974,380,8307,4525,2020_12
1337749683414896640,1,promoter,active,8445,710,20,20,1250,111,7064,568,23,3,88,8,2634,151,2020_12
1337755324963545089,1,promoter,active,1324,175,2,1,147,23,1166,147,2,1,7,3,363,44,2020_12
1337757251113717760,1,promoter,active,379,61,8,1,66,10,295,44,5,5,5,1,122,20,2020_12
1337778729968349187,1,promoter,suspended,2821,237,4,3,91,19,2713,212,5,2,8,1,1172,82,2020_12
1337790419875352576,1,promoter,suspended,37891,6004,179,1772,9552,854,26064,3202,1188,102,908,74,8342,872,2020_12
1337791329586311168,2,promoter,suspended,4939,420,6,5,65,46,4726,355,68,8,74,6,1843,107,2020_12
1337810996220538883,1,promoter,active,2042,162,1,5,162,22,1849,130,9,1,21,4,738,49,2020_12
1337837300072517632,1,promoter,suspended,5014,238,5,2,185,27,4693,202,81,5,50,2,2316,66,2020_12
1337866132221378560,1,promoter,active,4461,362,8,3,231,37,4208,319,6,2,8,1,1350,81,2020_12
1337874364209958923,1,promoter,active,9349,936,14,8,950,148,8275,759,28,7,82,14,3042,246,2020_12
1337907271574171649,1,promoter,suspended,7636,938,5,3,309,66,7221,858,34,4,67,7,3542,314,2020_12
1337912476168437761,1,promoter,active,541,54,1,1,89,13,429,38,10,1,12,1,183,12,2020_12
1337993743090278401,1,promoter,suspended,10924,691,13,2,756,83,9768,574,295,24,92,8,4051,206,2020_12
1338004527652462592,1,promoter,suspended,10246,732,7,4,725,93,9196,598,221,31,97,6,3818,232,2020_12
1338061528474341376,1,promoter,active,831,56,1,2,22,6,791,46,5,1,12,1,398,29,2020_12
1338121489833472001,2,promoter,active,3579,501,5,4,46,124,3366,354,119,14,43,5,1076,104,2020_12
1338136237891342336,1,promoter,active,3902,588,25,13,394,72,3471,501,2,1,10,1,1209,121,2020_12
1338144458278375425,1,promoter,active,5734,709,8,3,308,89,5355,607,33,7,30,3,1857,151,2020_12
1338148430871453696,1,promoter,suspended,19792,1601,30,7,1809,241,17559,1324,195,8,199,21,6498,429,2020_12
1338172201288282114,1,promoter,active,1605,984,10,12,84,74,1506,894,4,3,1,1,611,256,2020_12
1338201050101280769,1,promoter,suspended,4772,367,3,1,255,35,4394,318,80,12,40,1,1929,97,2020_12
1338203081742364682,1,promoter,active,13251,1755,25,26,1666,302,11293,1414,85,6,182,7,3786,353,2020_12
1338213240443031552,1,promoter,suspended,2620,328,3,1,129,35,2439,277,37,11,12,4,1186,91,2020_12
1338214339447296003,1,promoter,suspended,22523,3856,28,24,2795,547,18668,3110,793,143,239,32,6204,891,2020_12
1338221038568677382,1,promoter,suspended,9971,1019,8,27,708,129,8870,805,263,48,122,10,3853,307,2020_12
1338222313381224454,1,promoter,suspended,5995,644,4,9,465,90,5366,528,79,11,81,6,2341,187,2020_12
1338244869354098693,1,promoter,suspended,2407,181,1,1,157,20,2176,155,40,2,33,3,1040,61,2020_12
1338246163368046593,1,promoter,suspended,18886,1622,49,269,3603,232,14282,1064,549,40,403,17,5102,323,2020_12
1338247238619967488,1,promoter,active,7231,1033,11,6,424,103,6757,915,10,1,29,8,2213,303,2020_12
1338254785666043908,1,promoter,suspended,29502,4870,97,1235,6442,608,21100,2876,1151,94,712,57,6713,843,2020_12
1338254787020787712,1,promoter,suspended,15286,923,37,152,3136,123,11318,613,468,28,327,7,3942,171,2020_12
1338267390992379904,1,promoter,suspended,5067,394,10,3,324,45,4587,341,76,4,70,1,1899,106,2020_12
1338279590096228353,1,promoter,suspended,5514,628,7,4,278,59,5125,549,31,2,73,14,2584,255,2020_12
1338280110986842114,1,promoter,active,4839,424,21,124,404,44,4370,254,19,1,25,1,1746,74,2020_12
1338284494533615617,1,promoter,suspended,4907,530,4,6,266,68,4526,449,60,2,51,5,1909,173,2020_12
1338286730064130054,1,promoter,suspended,6064,522,20,15,354,60,5547,441,92,4,51,2,2226,123,2020_12
1338333894446235650,1,promoter,active,2574,474,3,15,146,64,2373,389,39,3,13,3,1092,98,2020_12
1338338270355345409,1,promoter,active,1224,115,1,1,156,15,1043,94,5,3,19,2,407,24,2020_12
1338360799660748800,1,promoter,active,987,83,2,1,76,12,869,65,27,4,13,1,412,26,2020_12
1338367036859232261,1,promoter,suspended,1665,139,1,1,57,20,1536,99,56,15,15,4,716,47,2020_12
1338378573099507715,1,promoter,active,12265,843,19,11,913,110,11030,693,167,18,136,11,4220,231,2020_12
1338383327112335361,1,promoter,deleted,1933,209,1,1,65,18,1833,185,22,3,12,2,966,67,2020_12
1338424559368720385,1,promoter,suspended,14326,1978,13,16,1112,228,13054,1705,88,17,59,12,5373,619,2020_12
1338494535463268358,1,promoter,suspended,2960,202,3,3,154,15,2722,166,45,12,36,6,1255,63,2020_12
1338499117895528451,1,promoter,suspended,9364,842,16,9,779,121,8311,672,174,23,84,17,3495,249,2020_12
1338505355463188482,1,promoter,active,13889,5212,38,37,3184,1034,10200,4009,222,44,245,88,3131,880,2020_12
1338505940937617411,1,promoter,active,620,232,6,1,135,43,461,181,14,5,4,2,117,28,2020_12
1338528996926042115,1,promoter,active,2622,316,3,2,346,70,2198,231,37,10,38,3,714,43,2020_12
1338533165057576967,1,promoter,active,4026,372,5,3,445,61,3421,302,94,5,61,1,1354,83,2020_12
1338535404602003456,1,promoter,suspended,7646,597,10,2,899,101,6514,485,85,2,138,7,2561,136,2020_12
1338557477252517888,1,promoter,active,7411,489,13,2,1119,84,6139,395,13,2,127,6,2017,97,2020_12
1338563999147945985,1,promoter,suspended,2345,85,2,2,115,15,2177,62,22,4,29,2,999,26,2020_12
1338573640317751297,1,promoter,active,4549,350,7,3,405,47,4075,297,18,2,44,1,1428,92,2020_12
1338574268154646528,1,promoter,suspended,25318,3113,80,722,6085,501,17596,1764,856,81,701,45,5606,480,2020_12
1338575021229416453,1,promoter,suspended,5564,752,10,6,371,83,4955,631,177,29,51,3,2186,234,2020_12
1338577239970082822,1,promoter,suspended,9380,2237,13,16,1125,367,7925,1787,212,47,105,20,3491,766,2020_12
1338597216110346240,1,promoter,active,656,205,4,89,65,24,565,88,12,3,10,1,181,23,2020_12
1338611996770643968,1,promoter,active,3939,416,9,5,353,58,3368,322,169,27,40,4,1139,80,2020_12
1338614879750676481,1,promoter,active,6869,412,6,11,576,56,6052,329,120,8,115,8,2259,66,2020_12
1338618035448532993,1,promoter,active,1704,124,13,7,134,15,1490,98,23,2,44,2,540,27,2020_12
1338618286293082113,1,promoter,suspended,6168,353,8,2,299,46,5815,299,24,5,22,1,2447,135,2020_12
1338633548518010882,1,promoter,suspended,9325,656,11,21,570,88,8423,523,193,13,128,11,3576,180,2020_12
1338647689781792769,1,promoter,active,888,96,1,1,93,17,785,76,2,1,7,1,284,24,2020_12
1338833846033207297,1,promoter,active,2883,241,9,7,460,40,2393,191,3,2,18,1,630,39,2020_12
1338855971376926728,2,promoter,suspended,1908,176,2,3,22,22,1838,146,32,3,14,2,746,43,2020_12
1338871862315667456,1,promoter,suspended,57946,9122,243,2565,15765,1346,38812,5010,1553,97,1573,104,11883,1418,2020_12
1338874170042707969,1,promoter,active,660,108,2,3,29,7,617,96,5,1,7,1,214,26,2020_12
1338876892741513222,1,promoter,active,336,69,13,6,16,5,300,56,1,1,6,1,161,19,2020_12
1338986569038905344,1,promoter,suspended,9205,592,6,4,428,70,8703,514,14,1,54,3,3782,207,2020_12
1339060809406693376,1,promoter,suspended,3257,325,2,2,204,40,2950,265,76,15,25,3,1521,136,2020_12