user_id,user_community,user_active_status,retweet_count,quote_count,retweet_count_by_community_0,quote_count_by_community_0,retweet_count_by_community_1,quote_count_by_community_1,retweet_count_by_community_2,quote_count_by_community_2,retweet_count_by_community_3,quote_count_by_community_3,retweet_count_by_community_4,quote_count_by_community_4,retweet_count_by_suspended_users,quote_count_by_suspended_users
16585101,2,suspended,11944,1185,12,2,56,77,11798,1097,40,8,38,1,5103,329
17936949,1,suspended,16869,1210,17,6,1042,135,15642,1061,71,3,97,5,5023,281
21943446,1,suspended,2495,314,1,3,71,23,2357,286,6,1,60,1,849,95
23317891,1,suspended,24758,1368,25,2,1229,158,23258,1201,116,5,130,2,9882,401
23360808,2,suspended,14774,1137,12,3,44,73,14669,1051,20,3,29,7,6913,288
24822993,1,suspended,75581,5976,65,86,4069,613,70963,5199,191,35,293,43,30375,1986
25073877,1,suspended,1231626,156982,6257,29941,292242,26607,863596,94552,37414,3556,32117,2326,291398,28156
30692806,2,suspended,8989,714,2,4,26,22,8943,684,4,2,14,2,4313,243
36934558,2,suspended,20775,2103,8,6,39,94,20686,1988,12,11,30,4,7690,603
37862226,2,suspended,11466,3045,11,10,184,274,11068,2698,139,51,64,12,4536,694
39785748,2,deleted,6943,581,6,6,27,32,6880,537,12,4,18,2,2742,173
49023129,1,suspended,78909,2769,52,10,3713,253,74310,2474,358,19,476,13,39229,1047
51586310,1,suspended,13966,1329,8,9,773,161,13138,1148,17,4,30,7,6201,453
53745076,2,suspended,5245,438,1,4,18,14,5212,418,8,1,6,1,2319,121
56491860,2,suspended,12543,1312,2,1,47,74,12478,1233,7,1,9,3,4894,394
63327519,1,suspended,26969,2900,18,5,967,261,25671,2590,88,14,225,30,13071,1161
66053650,2,suspended,12074,1634,9,4,61,97,11983,1528,10,4,11,1,4932,462
69190453,2,suspended,15798,1785,12,12,119,134,15570,1631,50,4,47,4,5877,409
81399888,2,suspended,8255,568,3,1,25,32,8209,532,3,2,15,1,3856,193
83932539,1,suspended,159613,11483,110,68,6683,1022,151554,10221,592,97,674,75,75120,4105
85498982,1,deleted,16325,1133,42,10,810,79,15406,1032,30,6,37,6,5513,315
88426758,2,suspended,22146,2184,9,4,102,144,21868,2018,71,9,96,9,9094,582
93088579,2,suspended,3659,726,3,12,6,35,3642,676,3,2,5,1,1572,326
112981893,1,deleted,1116,654,3,3,23,567,968,80,108,1,14,3,401,28
127941629,1,suspended,4655,359,11,28,357,41,4234,285,22,3,31,2,1718,91
167778891,2,suspended,12109,1111,8,2,53,71,12003,1034,10,1,35,3,5151,317
187022370,2,suspended,13390,1041,11,4,55,59,13188,965,51,3,85,10,6334,311
187680645,1,suspended,850013,74424,927,743,54936,8725,777109,63310,11434,1251,5607,395,321090,21483
214562153,1,suspended,1059,624,4,2,294,106,725,488,7,8,29,20,234,150
240454812,1,suspended,274284,18524,379,463,26678,2449,242446,15196,2548,237,2233,179,103916,5731
247579319,1,suspended,3642,590,6,3,319,60,3303,524,5,1,9,2,1039,165
247860908,2,suspended,5086,404,2,3,8,26,5063,373,6,1,7,1,2209,133
259260816,2,suspended,35337,2545,16,5,49,107,35188,2425,39,2,45,6,18753,854
261749735,2,deleted,5848,525,12,8,63,39,5766,475,3,2,4,1,1856,114
264501955,1,suspended,72631,7503,114,104,4986,873,66413,6354,538,92,580,80,23625,1949
274891222,1,suspended,21100,1863,37,49,1005,171,19951,1633,43,7,64,3,7055,460
304123273,2,suspended,5838,522,4,2,14,28,5792,490,10,1,18,1,2509,128
393190233,2,suspended,31238,2445,23,4,117,141,31025,2294,40,3,33,3,11523,708
406290234,1,suspended,38270,5274,67,43,2706,705,35025,4461,171,22,301,43,15383,1560
441724006,2,suspended,16225,1235,14,11,135,124,15810,1080,151,16,115,4,6773,380
454232867,1,suspended,11399,787,17,3,1167,101,10162,679,17,1,36,3,4132,254
466789572,2,suspended,17062,1406,9,3,46,74,16975,1325,13,2,19,2,7339,436
475274420,1,suspended,7038,641,5,1,295,54,6720,582,5,1,13,3,2214,163
526707382,2,suspended,13760,1338,6,2,107,94,13551,1235,44,5,52,2,5194,356
528999980,2,suspended,19928,1454,6,2,91,74,19742,1373,31,3,58,2,8993,426
553224712,2,suspended,5825,689,3,3,28,33,5775,649,6,1,13,3,2257,194
583456963,1,deleted,8932,573,9,2,296,58,8610,511,3,1,14,1,3233,153
584897918,2,suspended,20130,1527,8,3,58,79,20018,1443,25,1,21,1,9575,432
586707638,1,suspended,501628,38075,483,297,38270,4906,453157,32319,5647,313,4071,240,186173,11241
597607476,1,suspended,5602,1096,4,5,464,233,5076,853,32,4,26,1,2307,333
810943316,2,suspended,9735,1191,10,2,50,80,9626,1101,18,4,31,4,4158,334
877699334,2,suspended,21545,2645,23,9,112,177,21340,2451,30,4,40,4,9664,798
936858992,1,deleted,10836,820,6,4,297,68,10503,744,13,1,17,3,3539,197
963297229,1,suspended,54356,5131,112,34,16094,1084,33302,3726,3162,210,1686,77,10431,1073
1018194906,2,suspended,10984,766,5,1,26,28,10935,731,6,1,12,5,4440,209
1445111881,2,suspended,17869,2753,19,9,63,116,17742,2617,20,5,25,6,6905,854
1546656000,2,suspended,25462,2030,15,1,38,65,25355,1957,20,2,34,5,10040,540
1661094252,2,suspended,11339,960,7,1,30,49,11276,908,10,1,16,1,5079,269
1812055789,1,suspended,230122,21362,215,107,14282,2244,213901,18807,786,109,938,95,90100,7096
1848966620,1,deleted,3231,554,6,90,361,67,2811,395,12,1,41,1,886,96
1853047993,2,suspended,7031,817,3,4,30,56,6955,753,14,3,29,1,3228,301
2164876369,1,suspended,5390,305,9,4,216,35,5141,264,6,1,18,1,1857,88
2301527762,1,suspended,2239,598,2,2,205,73,2020,520,5,1,7,2,857,184
2315583427,2,suspended,15317,1168,7,2,124,112,15143,1044,9,2,34,8,7165,432
2713427480,2,suspended,15471,1375,11,10,46,67,15307,1290,65,6,42,2,6738,422
2772429247,2,suspended,8993,1151,1,2,62,67,8910,1073,7,6,13,3,4186,309
2778328297,1,suspended,82158,8033,67,51,3332,660,77723,7207,198,27,838,88,36012,2855
2899459274,2,suspended,9711,808,7,5,24,36,9638,763,23,1,19,3,4101,233
2922345639,2,suspended,35946,4010,34,13,204,211,35532,3760,87,10,89,16,13979,1199
2950103415,2,suspended,19989,1877,9,4,29,67,19902,1800,18,3,31,3,9336,612
3301847203,1,suspended,3816,269,1,1,123,33,3654,233,20,1,18,1,1454,62
3580248555,1,suspended,7914,1558,34,5,1169,186,6181,1245,270,66,260,56,1882,333
4798259061,1,deleted,14905,1193,16,6,857,140,13811,1027,127,15,94,5,6373,371
4853227804,2,suspended,3118,359,2,1,8,31,3086,325,2,1,20,1,1115,83
4903139500,2,suspended,3563,252,1,1,2,11,3558,237,1,2,1,1,1943,80
719662077934243840,2,suspended,10126,911,10,5,86,64,9855,823,83,9,92,10,4000,245
729676086632656900,1,suspended,132802,10057,601,1735,26134,1559,97302,6280,5094,319,3671,164,38475,1942
739863724694110208,1,deleted,8118,738,7,4,526,94,7520,630,23,5,42,5,3932,239
764261361044037632,1,suspended,10079,842,2,4,375,130,9611,700,48,7,43,1,4406,308
798945991386955776,1,deleted,4730,482,6,13,637,60,3991,405,70,2,26,2,1409,94
800086706678419456,1,suspended,15697,1352,25,8,939,131,14694,1208,8,2,31,3,4619,309
811717240030711813,2,suspended,19196,1373,3,6,29,57,19118,1305,13,4,33,1,8567,393
812317302775545856,2,suspended,5273,504,2,1,6,17,5232,481,7,2,26,3,2301,170
831320691580497920,2,suspended,6967,995,6,3,29,63,6906,925,17,3,9,1,2510,286
835711225522700288,1,suspended,875,232,2,8,173,38,689,182,3,2,8,2,199,38
849111344116838400,2,suspended,4789,484,7,1,51,53,4673,421,32,8,26,1,1648,147
862716927696916481,2,suspended,7175,577,3,1,20,35,7122,536,10,1,20,4,3056,152
870468896255385601,2,suspended,4662,896,3,1,13,35,4633,855,1,1,12,4,1715,320
875017115979403264,2,suspended,13806,1057,4,3,36,50,13739,999,10,4,17,1,6141,303
890180563285553152,2,suspended,2927,463,1,3,24,23,2881,434,12,2,9,1,1091,158
895954495116644352,1,suspended,13031,803,18,3,755,86,11894,676,117,20,247,18,4994,252
898757756848680960,2,suspended,8329,584,4,1,11,30,8295,549,5,1,14,3,3903,160
899115298997055491,2,suspended,16098,1354,8,3,19,55,16023,1290,15,5,33,1,6610,360
901063185305882624,2,suspended,19376,2487,11,27,94,140,18784,2202,450,106,37,12,8026,654
910003499546566658,2,suspended,6220,307,2,2,28,20,6162,282,5,1,23,2,2957,92
921468286453321728,1,suspended,32142,3762,54,29,3341,477,28541,3232,84,11,122,13,8638,860
939366737413251072,1,suspended,6891,669,2,1,236,56,6613,603,9,2,31,7,3886,336
939921079673479169,2,suspended,15379,1173,7,5,66,73,15194,1086,53,7,59,2,6772,452
939985878201618432,1,suspended,886,25,1,1,48,3,810,17,13,1,14,3,485,7
940430173517811714,1,suspended,11049,1220,8,5,658,123,9960,1028,339,52,84,12,5536,523
951302891708583936,2,suspended,30646,2693,19,3,185,205,30353,2474,22,7,67,4,12036,798
952758329301807104,1,suspended,11731,1361,9,6,509,177,11111,1157,53,15,49,6,5281,427
966612436978581504,1,suspended,28412,4992,43,18,1664,504,26251,4382,132,19,322,69,10985,1603
972162448949116928,2,suspended,3740,509,4,2,37,30,3678,471,6,1,15,5,1418,180
984537447525691392,1,suspended,9474,151,13,1,854,17,8398,129,94,1,115,3,4541,71
991089617603411968,1,suspended,17309,1322,19,5,973,131,16193,1172,54,6,70,8,8449,527
999116887878524935,2,suspended,4316,406,3,1,12,17,4282,384,12,2,7,2,2106,135
1003140853571862528,2,suspended,9748,1251,6,1,7,76,9693,1167,24,5,18,2,4427,406
1004572573177294848,1,suspended,12012,1309,4,5,476,125,11379,1140,107,34,46,5,5614,523
1010027784318488576,1,suspended,12350,1068,16,8,415,111,11884,943,10,1,25,5,5309,352
1024775399736311808,2,suspended,8093,650,6,1,17,29,8045,618,2,1,23,1,3987,205
1052225335318712320,1,suspended,11384,864,17,12,685,81,10562,763,57,2,63,6,4018,258
1079776911889448960,1,suspended,14498,1689,9,9,783,177,13633,1491,8,1,65,11,5972,578
1081674923355983872,2,suspended,5568,652,2,6,17,24,5525,614,15,4,9,4,2289,257
1101968098293399561,1,suspended,15668,2141,10,1,575,198,14762,1872,42,16,279,54,7365,853
1110193840051445760,2,suspended,4366,459,2,2,19,26,4329,427,5,1,11,3,1679,130
1110684264243302400,1,deleted,25401,1571,28,7,1514,139,23601,1417,91,3,167,5,10955,549
1134503131797106688,1,suspended,10275,773,10,3,373,62,9871,706,1,1,20,1,5611,357
1141043467822481408,1,suspended,7065,1611,6,4,379,634,6609,960,16,6,55,7,2958,882
1146622958309449729,1,suspended,1437,827,3,2,428,140,979,649,2,13,25,23,285,241
1159914146202357764,1,suspended,562,80,1,2,37,7,504,67,4,2,16,2,278,34
1160884009586614272,1,suspended,2612,532,1,6,72,42,2510,479,18,4,11,1,1055,196
1165398811008819200,2,suspended,9098,1192,5,6,37,53,9029,1129,7,1,20,3,3985,339
1181952938266304512,2,suspended,8066,565,4,3,13,26,8044,534,2,1,3,1,3892,151
1185340096834428928,1,suspended,6151,629,10,4,515,64,5601,558,6,2,19,1,1731,147
1197653491214368768,2,suspended,22865,1928,17,6,129,110,22647,1804,26,4,46,4,8845,550
1203183006820786176,2,suspended,4808,448,2,2,5,20,4788,424,7,1,6,1,2441,149
1217558302797828098,1,suspended,4250,1282,5,3,761,157,3338,1068,96,27,50,27,1344,400
1230961593451712513,1,suspended,13918,600,7,8,572,56,13292,530,13,2,34,4,7924,216
1232070580150640640,1,suspended,5085,1074,11,8,452,179,4566,872,21,8,35,7,1706,275
1242539267169157127,1,suspended,14374,860,14,4,585,72,13588,767,51,6,136,11,6628,328
1251728704251674624,2,suspended,912,161,2,1,4,5,899,149,1,4,6,2,232,74
1260320164463009792,2,suspended,7429,580,5,3,98,37,7301,537,17,2,8,1,2765,145
1295118701533048844,1,suspended,15163,1993,15,13,578,176,14367,1761,56,28,147,15,7862,908
1295381681025687553,1,deleted,11683,732,11,11,1881,69,9762,650,4,1,25,1,4371,186
1299502791535333376,2,deleted,391,254,2,3,5,33,374,214,4,2,6,2,68,54
1312481033619566594,1,suspended,5355,919,8,6,215,63,5103,838,12,5,17,7,1774,280
1316218894927888384,1,suspended,5545,561,4,1,323,74,5199,484,2,1,17,1,2893,269
1316392732135501828,2,suspended,8882,931,6,2,44,49,8815,875,8,3,9,2,4331,249
1317296407473172480,2,suspended,5311,531,2,2,15,38,5162,462,7,1,125,28,2513,191
1318701904524939264,2,suspended,7926,878,8,2,50,58,7838,813,6,3,24,2,3365,236
1323221842828537856,1,suspended,10421,1448,12,8,1711,209,8603,1214,53,7,42,10,2736,408
1323962412526129157,1,suspended,8583,762,15,5,1680,123,6858,631,16,2,14,1,1829,161
1324700371156111360,2,suspended,5230,629,3,1,80,67,5045,537,75,21,27,3,2075,160
1326641561682276352,1,suspended,2735,221,5,6,125,20,2570,193,15,1,20,1,1643,117
1327740359535964161,2,suspended,5878,371,4,2,10,20,5844,345,6,3,14,1,2839,108
1329553031919267844,1,suspended,5857,1136,8,7,296,99,5490,1023,25,3,38,4,1913,366
1246056780007784449,1,active,1388,188,8,2,394,33,966,147,11,5,9,1,239,34
14362404,0,active,15697,2439,15403,2294,9,50,283,89,1,5,1,1,191,47
2438831503,1,active,17970,1586,22,14,1582,222,16236,1338,37,5,93,7,6520,422
720843893441306624,1,active,8443,811,36,262,1429,94,6715,436,118,12,145,7,2525,163
35039490,1,active,11106,991,33,15,1788,153,9213,817,25,5,47,1,2785,218
138809881,1,active,21445,2004,62,328,1932,233,19239,1406,104,28,108,9,6305,437
1640929196,0,active,74302,5757,73571,5600,27,28,697,127,4,1,3,1,1024,183
3406938525,1,active,80010,5810,101,55,6190,581,73291,5146,131,14,297,14,27100,1495
15777543,1,active,1611,196,5,5,112,17,1479,172,4,1,11,1,447,36
749686190,1,active,3598,387,22,16,363,60,3065,294,84,7,64,10,1138,88
763924202365722631,1,active,2845,661,31,247,361,64,2423,347,13,2,17,1,673,100
178017745,1,active,600,229,5,1,37,26,554,199,3,2,1,1,160,38
426802833,0,active,5930,1759,5754,1130,13,97,146,520,4,4,13,8,99,149
18247062,1,active,12820,908,65,28,1790,157,10793,712,26,2,146,9,4494,237
20247015,1,active,623,69,1,1,173,26,378,29,24,7,47,6,181,16
759251,0,active,7881,1609,7634,1009,27,110,215,481,3,5,2,4,166,155
20813198,1,active,3793,327,7,14,324,56,3430,253,18,3,14,1,1210,64
495379332,1,active,16784,1616,10,6,408,91,16310,1514,17,1,39,4,5292,439
115681686,2,active,15961,2399,24,77,88,190,15696,2073,80,47,73,12,4386,445
1209417007,1,active,12582,1752,42,36,1892,248,10528,1451,43,7,77,10,3341,371
1209936918,1,active,53864,4627,133,147,6812,751,45666,3613,490,67,763,49,17602,1104
22187085,0,active,24833,2815,24556,2746,3,3,267,63,3,2,4,1,304,86
3047722897,1,active,12112,935,15,20,986,103,10940,800,72,6,99,6,4116,239
11856032,1,active,1608,582,432,110,130,47,1015,415,17,9,14,1,405,153
1081312310059253763,1,active,5211,698,14,24,439,66,4668,596,6,2,84,10,1358,175
19091173,1,active,36654,2810,110,70,13075,805,23293,1920,61,4,115,11,6427,403
3267456386,1,active,6076,612,31,10,1217,167,4692,414,30,4,106,17,1367,90
1015029427284127745,2,active,22025,2302,27,13,171,217,21569,2031,124,18,134,23,8884,620
15392486,1,active,9527,2886,161,74,1150,526,7951,2193,107,42,158,51,2986,662
1022693675250249729,1,active,4216,343,12,30,568,56,3607,252,12,2,17,3,1011,59
875856268056969216,1,active,174364,16065,200,201,18679,2133,154176,13572,357,65,952,94,55009,3980
878087280321335298,1,active,3772,542,14,75,621,60,3100,404,19,2,18,1,963,129
878247600096509952,1,active,35459,2767,92,38,9632,530,25450,2182,134,12,151,5,7003,468
51241574,0,active,6977,3529,6724,2665,15,126,225,723,1,1,12,14,131,237
807095,0,active,20135,4499,19487,3121,53,289,554,1058,7,16,34,15,407,353
23022687,1,active,19971,1696,52,123,4852,339,14666,1211,57,7,344,16,4642,364
3063933906,1,active,5417,1125,23,24,666,146,4665,938,21,7,42,10,1280,229
519897737,1,active,1162,64,1,3,82,9,1071,50,1,1,7,1,364,10
24127811,1,active,13129,924,609,215,3425,174,8878,525,87,7,130,3,3074,138
974435384271630336,1,active,1278,166,4,1,69,57,1199,106,1,1,5,1,644,47
526651932,1,active,2748,960,3,3,287,134,2384,799,3,1,71,23,1304,368
534881613,1,active,35195,3228,40,14,2831,383,32086,2807,77,11,161,13,12200,803
26900055,2,active,3279,595,9,5,29,47,3209,539,14,2,18,2,1126,143
27000730,1,active,16559,1046,116,18,5631,303,10713,713,31,2,68,10,2724,132
27067705,1,active,7781,861,24,17,1348,147,6371,692,12,2,26,3,1807,202
27075032,0,active,4302,2086,4069,1597,26,103,200,374,3,6,4,6,108,116
36912523,1,active,2583,283,5,17,216,40,2315,216,22,7,25,3,820,52
302312898,0,active,13820,4342,13567,4123,28,63,219,148,4,4,2,4,142,282
1131935075623415810,1,active,1212,131,7,2,164,23,961,97,8,3,72,6,336,30
149269179,1,active,8927,1700,38,144,1703,318,6587,1078,502,141,97,19,2119,335
794652195484565504,1,active,13301,3718,32,49,1671,632,11385,2959,142,64,71,14,3457,828
1324579241430798339,1,active,7620,550,6,14,347,38,7257,496,2,1,8,1,3015,142
1327116445243719680,1,active,8075,977,12,5,408,78,7624,888,11,2,20,4,2362,255
415581517,0,active,4606,1438,4338,1259,9,26,253,147,2,4,4,2,122,66
1329919859900227587,1,active,3325,236,4,1,73,18,3186,212,42,3,20,2,1785,111
934049237628841984,1,active,5768,432,4,2,226,49,5443,370,49,7,46,4,2497,145
93059852,1,active,4070,320,10,5,296,38,3740,275,5,1,19,1,1342,64
1312036582422196224,1,active,8090,797,2,4,324,84,7698,694,14,4,52,11,4505,332
16585184,1,active,6642,575,7,12,207,38,6392,522,5,1,31,2,2110,137
203226736,1,active,8093,700,21,22,822,96,7213,576,21,2,16,4,2269,142
3995778614,1,active,10061,833,19,8,877,81,9124,741,13,1,28,2,2944,192
2853461537,1,active,82874,6869,375,474,12410,1095,69144,5239,329,34,616,27,20201,1218
1038120930663231488,0,active,351,588,246,96,1,143,93,324,9,14,2,11,42,80
774074669230071809,1,active,6726,856,8,1,499,106,6136,739,34,2,49,8,2381,245
3622368202,0,active,54068,5651,53519,5442,22,20,520,185,3,3,4,1,636,166
3530404094,1,active,67467,5345,154,123,10422,860,56107,4312,312,25,472,25,20506,1129
1304530918716190721,1,active,8142,2325,38,34,2208,486,5689,1716,87,51,120,38,1650,548
1043185714437992449,1,active,57904,3477,68,15,3995,272,53669,3183,66,2,106,5,19413,894
1117898546055761920,1,active,6143,586,5,16,253,71,5815,493,41,3,29,3,2522,126
722060515216896001,2,active,4095,400,1,2,23,42,4053,353,4,2,14,1,1887,122
33417701,1,active,10167,1243,7,20,308,85,9794,1134,10,2,48,2,3899,367
33608041,1,active,31059,2337,61,77,5128,373,25718,1879,34,3,118,5,8232,482
14458643,1,active,1152,93,4,6,240,18,895,66,5,1,8,2,305,25
15719232,1,active,6755,818,8,9,657,110,5935,681,77,10,78,8,2144,163
350822109,1,active,3757,314,16,5,686,62,3025,244,4,1,26,2,846,63
1029094268542099457,1,active,8893,688,56,109,1278,98,7380,471,83,7,96,3,2942,117
1295339359865110528,2,active,6567,752,5,4,51,131,6343,598,121,14,47,5,2605,185
15976697,1,active,46102,2725,59,67,4017,325,41845,2324,75,4,106,5,13713,565
364214133,1,active,62552,6876,80,70,5819,885,55768,5836,334,50,551,35,18235,1397
4479867201,2,active,2995,1225,3,2,21,103,2937,1097,9,4,25,19,788,322
1017280993,1,active,3289,356,17,6,563,32,2696,313,3,3,10,2,353,61
447456943,1,active,1057,216,1,5,244,35,701,132,7,3,104,41,193,51
99994358,1,active,2001,248,5,20,192,25,1722,192,75,8,7,3,568,46
1079776144524754944,1,active,5841,550,66,31,2519,179,3155,331,37,4,64,5,673,52
110396781,0,active,5693,914,5572,343,12,93,90,473,10,2,9,3,57,127
20975060,1,active,3074,452,38,20,652,99,2279,309,28,3,77,21,705,96
116384038,2,active,14496,1837,15,3,168,178,14236,1647,41,3,36,6,5166,648
259001548,1,active,47488,9404,141,222,13369,2108,32918,6901,422,60,638,113,10960,3118
4710708974,2,active,21726,1956,22,11,113,131,21523,1811,18,2,50,1,6614,484
18643437,1,active,3964,427,76,46,842,75,3006,301,8,1,32,4,913,111
103744112,1,active,18523,1390,77,199,3013,195,14969,958,177,21,287,17,5396,267
18891076,1,active,1630,367,3,1,188,65,1433,297,1,2,5,2,606,126
2975091705,1,active,13890,1639,51,124,1485,240,12185,1262,82,10,87,3,4016,293
2301990517,1,active,29471,1802,44,16,2875,270,26405,1511,47,2,100,3,7791,344
108370360,1,active,2782,602,3,1,106,44,2647,554,7,1,19,2,890,169
19553409,1,active,32211,2125,122,58,6830,387,24808,1647,171,16,280,17,7105,397
826065164504006657,1,active,18742,978,47,76,2821,145,15423,738,168,8,283,11,5581,195
624306656,2,active,5411,892,3,5,32,46,5349,833,18,5,9,3,2302,211
2643570679,1,active,616,45,1,3,64,13,543,26,4,2,4,1,227,7
58579942,1,active,3040,1077,26,451,620,132,2381,487,6,1,7,6,744,154
889522784916910080,0,active,2642,356,2554,238,3,7,81,108,1,2,3,1,77,28
739610364975808513,1,active,24207,2822,19,26,1547,302,22556,2488,18,1,67,5,8648,772
45676731,1,active,10397,715,29,20,1379,110,8832,572,67,9,90,4,3357,183
6742412,1,active,19491,1346,43,139,1384,133,17850,1055,107,13,107,6,6389,275
47293791,1,active,39647,6341,117,643,9271,1087,29909,4560,125,18,225,33,10037,1422
47437206,1,active,1605,984,10,12,84,74,1506,894,4,3,1,1,611,256
1008598678523842560,1,active,7795,945,14,33,1151,123,6565,777,34,8,31,4,1727,142
611986351,1,active,3614,252,35,6,1025,40,2482,203,6,1,66,2,620,57
15212187,1,active,30559,1750,97,55,4160,214,26040,1466,77,6,185,9,8581,392
118567880,1,active,4397,364,13,6,751,67,3608,288,13,2,12,1,1100,65
3056035526,1,active,4634,809,27,75,728,264,3780,446,55,16,44,8,1376,112
121217779,1,active,12155,1451,14,4,537,262,11379,1151,130,23,95,11,4162,322
1259714432,1,active,13578,697,13,29,1599,72,11911,594,17,1,38,1,3809,176
24787367,1,active,4213,493,11,3,272,49,3921,438,3,2,6,1,1290,123
1242146812309405708,1,active,10963,2462,10,10,1062,353,9681,2046,113,26,97,27,3730,490
37575922,1,active,22463,1468,30,68,1646,197,20614,1193,60,4,113,6,7279,320
14662354,1,active,2114,386,112,43,323,65,1489,230,150,42,40,6,431,55
1408003598,1,active,3316,336,19,7,352,58,2918,267,9,2,18,2,880,72
39308549,1,active,6301,1806,142,106,1037,323,4991,1360,32,7,99,10,1635,305
39344374,1,active,88625,7144,288,971,18461,1175,68231,4896,460,31,1185,71,22805,1569
39349894,1,active,60503,5292,189,389,13311,1138,45873,3677,264,27,866,61,15259,1099
1127744603061276672,1,active,9390,1108,24,6,1401,132,7937,966,16,1,12,3,2425,203
299896657,1,active,7691,806,5,8,229,47,7414,745,8,1,35,5,2248,197
14828860,2,active,9427,570,19,3,82,38,9207,520,86,6,33,3,3863,183
592730371,1,active,93558,7645,250,63,10822,1271,81660,6239,275,24,551,48,25918,1580
1325639866881863681,1,active,18907,2945,72,594,2244,394,16121,1891,321,46,149,20,5219,557
90480218,1,active,81616,3919,116,64,5775,430,75381,3401,147,12,197,12,28017,1066
1196441152486072320,1,active,20626,4158,96,103,2728,554,17277,3323,215,98,310,80,6499,975
9300262,0,active,2584,905,2415,599,6,45,152,249,7,8,4,4,57,65
201287829,1,active,639,68,1,13,65,2,571,51,1,1,1,1,200,20
204444440,1,active,23672,2409,22,18,539,140,23009,2247,52,1,50,3,8567,653
397526755,1,active,8894,1411,37,260,697,152,8085,981,13,4,62,14,2572,316
16989178,1,active,208937,26606,464,285,34641,4673,172243,21370,564,94,1025,184,57993,6525
772934961766608897,1,active,8452,645,17,25,632,80,7561,515,133,18,109,7,2792,129
74303349,1,active,14499,1004,18,19,630,90,13788,887,32,3,31,5,4968,217
1308126249701838851,2,active,1146,175,1,1,21,20,1109,151,2,1,13,2,373,48
380285402,0,active,1632,530,1065,315,14,38,530,166,15,10,8,1,131,54
2835451658,1,active,3884,473,16,3,681,94,3149,367,11,5,27,4,879,89
129235890,1,active,12358,728,11,23,374,55,11891,647,29,2,53,1,4307,169
28785486,0,active,10260,2077,10020,1538,24,91,194,431,6,8,16,9,172,128
28879277,1,active,2479,388,3,17,220,37,1839,302,377,29,40,3,659,90
850507814023942144,1,active,21791,1666,58,233,2146,201,19303,1213,52,4,232,15,7407,388
131546062,1,active,6632,1072,87,600,1156,74,5176,381,53,8,160,9,1793,110
32871086,0,active,76131,7861,75264,7391,34,67,827,397,4,2,2,4,916,235
1025640095586504704,1,active,4824,1461,14,15,969,209,3409,1113,355,84,77,40,1025,373
358545917,1,active,9572,926,59,22,1789,207,7672,694,15,2,37,1,2062,155
1297160959891513347,2,active,3878,375,1,6,21,13,3845,352,3,1,8,3,1686,119
15952856,0,active,58114,3678,57713,3566,27,21,367,87,3,1,4,3,342,72
10774652,1,active,2971,450,27,11,527,88,2408,348,4,2,5,1,735,72
94784682,1,active,7101,1111,71,38,754,161,6247,910,8,1,21,1,1951,225
2908170952,1,active,13588,1369,33,25,2541,432,10939,908,35,3,40,1,3734,424
18266688,1,active,185631,9597,286,107,19250,1326,164306,8086,343,19,1446,59,61545,2416
11622712,1,active,13093,1159,34,23,615,105,12372,1026,25,3,47,2,4384,306
247595890,1,active,1894,169,4,2,104,16,1777,149,4,1,5,1,572,40
1187652746,1,active,2854,125,9,12,249,11,2532,97,26,3,38,2,1197,35
232901331,1,active,28061,1822,47,18,4713,346,23067,1448,48,5,186,5,9176,383
1084375028,1,active,6448,500,11,45,470,55,5906,394,25,4,36,2,2270,116
2996253413,1,active,61602,5708,84,182,3652,470,57703,5040,75,7,88,9,22726,1731
476848835,1,active,21470,2024,44,17,3871,357,17394,1646,63,1,98,3,5259,450
162301746,2,active,5668,757,9,7,44,66,5601,681,9,2,5,1,2014,213
165039823,1,active,10312,513,19,6,903,85,9345,415,22,1,23,6,2885,103
341194704,1,active,20886,8444,92,136,5679,1541,14697,6640,249,85,169,42,4999,1671
3310061541,1,active,11406,1542,48,36,1856,285,9393,1205,44,9,65,7,3458,447
319901933,1,active,9384,945,6,7,413,102,8876,816,47,15,42,5,2989,242
1012996182606602240,1,active,723,160,2,2,26,50,678,104,7,2,10,2,250,36
1367531,1,active,2107,712,281,254,657,124,1053,318,45,10,71,6,315,94
535157837,1,active,3338,671,4,2,141,55,3184,611,3,2,6,1,1156,178
2417586104,1,active,47446,1671,94,59,6828,250,40084,1350,118,6,322,6,13685,310
302446244,1,active,33746,3524,194,662,6410,498,26383,2306,225,19,534,39,7981,650
149681153,1,active,15273,980,18,19,1050,123,14053,825,71,7,81,6,5386,245
4184152827,2,active,6547,630,5,3,28,24,6472,597,15,1,27,5,2488,176
932011810235891712,1,active,5617,760,46,31,777,106,4659,599,70,15,65,9,1669,136
416194855,0,active,11135,1073,10725,679,20,73,365,313,16,4,9,4,243,101
91583544,1,active,26042,3935,26,26,1155,227,24656,3664,74,8,131,10,8675,1217
1330274087218851852,1,active,6400,453,6,5,331,55,6009,386,13,3,41,4,2284,108
782278385812799488,1,active,2390,323,1,1,272,41,2107,271,5,4,5,6,679,95
83148068,1,active,2969,338,2,7,433,46,2491,280,15,3,28,2,692,61
3981225735,1,active,4487,305,6,2,545,36,3863,262,34,3,39,2,1430,68
16834659,1,active,4585,757,69,114,921,122,3460,509,108,7,27,5,872,101
84734681,2,active,3124,392,6,7,27,35,2774,324,26,9,291,17,801,68
84797861,1,active,5552,353,14,4,516,44,4995,302,10,1,17,2,1630,78
1890308449,1,active,2813,202,8,6,388,28,2395,165,9,1,13,2,734,44
779476491092434944,1,active,4294,650,7,5,263,57,3953,572,44,6,27,10,1234,171
1309889774778540035,1,active,3354,190,7,3,334,27,2985,158,4,1,24,1,1019,37
3108351,0,active,2149,497,1971,392,23,25,140,75,6,3,9,2,47,25
129571843,1,active,5383,587,13,13,440,69,4881,499,22,4,27,2,1620,141
29077161,0,active,5163,1823,4716,333,12,191,430,1295,3,2,2,2,170,305
29097819,1,active,48934,5014,127,119,4252,618,43366,4136,526,65,663,76,16232,1188
14559721,1,active,10710,3573,26,35,2096,841,8180,2615,226,50,182,32,2546,1055
762389795037294592,1,active,35269,2057,71,112,4557,287,30167,1629,163,16,311,13,9444,429
359403242,1,active,32501,4571,44,127,2710,557,29522,3864,101,12,124,11,10562,1041
1299898009149472769,1,active,9079,1927,4,1,801,208,8201,1710,20,6,53,2,2415,500
4620298132,1,active,2996,882,6,4,391,121,2592,751,2,1,5,5,785,235
1211284044811399168,1,active,5147,703,6,1,237,63,4893,635,5,1,6,3,1627,181
248113252,1,active,2339,247,32,8,274,24,2021,212,5,2,7,1,651,59
233000889,1,active,6146,1693,22,16,2014,405,4003,1223,22,6,85,43,1097,304
18604137,1,active,24506,1903,60,42,2224,254,22099,1597,44,3,79,7,7224,394
1213874306515554306,1,active,15914,1446,14,4,526,112,15324,1323,14,2,36,5,8375,551
457984599,1,active,11085,2979,76,48,1561,451,8898,2411,269,31,281,38,2917,624
235839823,1,active,16382,2056,46,57,2579,381,13673,1608,36,6,48,4,4743,454
4765364386,1,active,69735,6582,94,35,2516,481,66779,6011,112,15,234,40,23475,1872
18856867,1,active,2360,395,52,11,485,72,1789,305,16,3,18,4,519,63
105901883,1,active,16030,1419,34,65,1818,200,14124,1151,21,1,33,2,4196,260
19149039,1,active,2976,190,6,10,198,24,2747,154,10,1,15,1,917,41
477864155,1,active,598,80,5,1,139,12,439,62,4,2,11,3,91,9
624210678,1,active,23728,2803,41,43,2600,359,20760,2366,75,13,252,22,6997,788
1576268089,1,active,1766,215,9,26,243,35,1404,148,19,1,91,5,458,43
332590264,1,active,8700,855,18,23,790,129,7855,696,17,1,20,6,2670,182
1153042794375712770,1,active,15360,1054,18,5,571,127,14684,917,57,4,30,1,5219,253
23362152,1,active,4173,359,11,11,639,87,3389,253,66,5,68,3,1307,65
125128723,1,active,20018,1633,40,43,1928,236,17901,1341,65,8,84,5,5798,341
25758887,1,active,2433,302,13,8,741,64,1598,215,30,6,51,9,433,70
25837289,1,active,56697,4449,93,191,3867,547,52168,3680,270,14,299,17,19890,1100
868618794549223424,2,active,874,84,1,2,13,10,852,70,2,1,6,1,298,19
736989573201301504,1,active,59490,4750,53,50,2098,378,57115,4308,106,7,118,7,19721,1217
406483952,1,active,4618,525,11,8,194,30,4367,478,16,2,30,7,1294,112
91882544,1,active,89575,7524,146,139,13429,1292,75333,6046,138,18,529,29,25023,1467
16597389,1,active,1591,195,31,16,573,66,978,111,2,1,7,1,246,15
3932768472,1,active,112031,8908,178,153,7341,954,103861,7727,265,48,386,26,37122,2138
1054124381360832512,1,active,5327,1212,13,1,307,140,4939,1053,12,5,56,13,2305,399
4041824789,1,active,89485,8018,268,336,9739,979,77775,6534,803,96,900,73,29869,1923
210556794,1,active,771,66,2,1,108,5,651,57,4,1,6,2,160,17
367456494,1,active,2195,459,3,5,727,117,1402,326,48,4,15,7,439,105
826261914,1,active,4160,640,71,139,1438,204,2625,289,13,3,13,5,511,37
375721095,1,active,20740,5087,522,729,4701,848,14931,3323,269,88,317,99,5302,1169
195271137,1,active,9829,820,37,22,2111,151,7634,644,12,1,35,2,2417,147
34713362,0,active,1457,289,1363,221,10,13,72,47,4,5,8,3,29,10
36715753,1,active,15594,2507,7,17,478,128,15076,2358,4,2,29,2,5270,679
63335631,1,active,7716,786,18,23,1059,110,6583,645,34,6,22,2,1973,154
15937190,1,active,9949,965,27,40,1178,131,8667,781,30,7,47,6,2799,209
900751120846512129,1,active,4381,773,1,6,492,77,3819,677,19,1,50,12,1260,197
1299007622968901637,1,active,1224,120,7,6,377,22,834,90,3,1,3,1,191,15
1334307069319663621,1,active,1758,218,2,5,115,32,1630,178,4,2,7,1,894,89
1336828763108237313,1,active,8731,959,15,15,601,119,8026,818,51,5,38,2,2929,233
1204930164389556224,2,active,5499,983,4,1,52,72,5426,904,4,1,13,5,1839,264
1205226529455632385,0,active,12228,1727,12056,1674,18,7,147,41,2,1,5,4,192,71
11134252,1,active,5543,868,52,451,863,59,4457,336,41,18,130,4,1598,86
18379614,1,active,25962,2138,118,65,7251,534,18276,1495,121,23,196,21,5305,314
742143,0,active,3332,613,3221,500,24,17,77,76,6,10,4,10,41,38
20118080,0,active,12709,1616,12501,1516,15,15,191,82,1,1,1,2,145,72
2352629311,1,active,4061,325,20,35,875,65,3127,223,18,1,21,1,912,47
22055226,1,active,16085,1763,42,186,1584,189,14325,1369,64,11,70,8,5210,364
2284041356,1,active,6885,641,7,12,349,67,6424,537,36,15,69,10,2221,159
462104542,1,active,23692,2479,31,19,2047,219,21570,2237,22,2,22,2,7059,436
468646961,1,active,11919,1823,52,840,3362,243,8456,737,18,1,31,2,2693,204
19721592,1,active,7504,633,33,18,743,96,6620,511,76,6,32,2,2034,123
19738104,1,active,3233,333,11,37,617,65,2552,225,7,3,46,3,629,66
331020289,1,active,4587,219,6,1,184,28,4350,187,13,2,34,1,1642,61
55329156,1,active,4504,2346,15,43,1466,530,2570,1464,414,275,39,34,723,401
1017500185356853248,0,active,3257,1261,3135,817,19,49,101,392,1,1,1,2,65,118
7587032,0,active,1278,613,966,217,25,65,280,327,2,2,5,2,59,52
339984356,1,active,19311,5485,43,40,3474,1066,15267,4240,249,48,278,91,5056,934
172511244,1,active,26807,1304,18,7,1423,140,25254,1146,26,1,86,10,9884,379
15669672,1,active,18771,1564,33,16,1417,161,17148,1355,94,24,79,8,4670,316
15012486,0,active,3271,1008,3035,586,13,48,215,366,3,5,5,3,86,112
601535938,1,active,80619,6917,95,31,4267,651,75998,6202,84,8,175,25,27251,1773
877985300466745344,1,active,44317,1376,36,17,2191,124,41769,1228,163,2,158,5,19790,503
50769180,1,active,8539,749,44,78,1601,139,6790,521,26,4,78,7,2428,133
23970102,1,active,4531,450,34,56,834,74,3622,315,11,1,30,4,1112,73
2388042907,1,active,6455,648,14,13,1202,128,5155,498,28,8,56,1,1888,127
25202268,1,active,34405,2875,100,106,4439,501,29431,2228,191,22,244,18,11903,657
25235151,1,active,3669,2542,24,16,1311,380,2288,2127,8,6,38,13,428,281
1917731,0,active,16193,6407,14235,4431,103,359,1764,1580,43,24,48,13,655,562
2836421,0,active,11056,2011,10738,1569,16,56,299,381,2,4,1,1,236,143
2884771,0,active,4354,1224,3519,930,52,68,752,219,13,6,18,1,211,60
275276082,1,active,9027,1148,14,4,335,84,8639,1049,18,3,21,8,3108,304
38495835,1,active,36448,3550,84,100,3973,475,32129,2952,84,5,178,18,12217,837
1416161688,1,active,895,110,3,4,154,11,705,87,22,5,11,3,212,15
41634520,1,active,32805,6804,121,300,8381,1375,23854,5076,153,17,296,36,8177,1258
4121225056,1,active,4130,377,4,23,474,59,3604,289,17,3,31,3,1187,71
1060573081935249409,1,active,17415,2374,45,58,2319,456,13338,1597,1269,201,444,62,4802,473
799326923142770688,1,active,436,45,3,4,65,2,361,37,3,1,4,1,125,8
963480595,1,active,25200,2458,85,136,4442,427,19838,1806,442,59,393,30,6114,498
92848597,1,active,1102,348,2,3,201,67,875,269,7,4,17,5,301,114
199841160,1,active,9171,1083,21,7,902,137,8209,934,9,4,30,1,2810,305
86177206,1,active,1378,123,3,12,196,12,1175,97,3,1,1,1,362,16
1858882886,1,active,4101,585,9,1,383,81,3483,483,114,11,112,9,988,131
373774653,1,active,3707,1211,18,6,1258,309,2389,883,13,4,29,9,619,265
778763106289758208,1,active,99316,6668,225,467,9414,926,87636,5188,739,46,1302,41,31689,1456
850036892,1,active,67878,6214,140,34,14775,1280,52621,4850,97,13,245,37,18660,1596
913308968809672705,1,active,6172,604,21,11,1093,131,5006,451,16,6,36,5,1651,134
29458079,1,active,26852,2226,100,152,4306,319,21946,1716,238,23,262,16,8415,486
29495695,1,active,4192,442,16,52,557,56,3608,330,2,1,9,3,1211,128
14335435,1,active,1952,1915,15,34,492,205,1392,1649,7,10,46,17,388,372
983766825610694656,1,active,6228,546,17,14,1063,88,5120,440,6,1,22,3,1577,124
33908800,1,active,5922,824,17,9,439,107,5429,703,16,3,21,2,2291,209
988573326376427520,1,active,16138,2214,146,219,3369,292,10915,1531,434,49,1274,123,4001,461
288277167,0,active,13674,2809,13439,2706,6,14,225,83,2,2,2,4,255,95
288432289,1,active,13389,1255,14,4,742,114,12603,1135,13,1,17,1,4596,333
1290635110149169152,1,active,57087,6525,101,37,5419,871,50669,5455,245,66,653,96,17463,1830
757832485,1,active,26251,3603,73,120,2875,592,22730,2809,231,38,342,44,7460,769
900021957424447488,1,active,7015,510,23,6,645,68,6318,432,8,1,21,3,2120,113
1201670995435646976,1,active,29163,3063,86,118,5001,475,23958,2463,32,1,86,6,7456,628
1201953403099893760,1,active,17417,1372,29,94,1350,139,15958,1134,28,3,52,2,5698,333
17993620,1,active,1652,191,1,11,273,42,1371,134,2,1,5,3,453,50
18005085,1,active,20172,1493,65,38,2018,192,18006,1256,36,2,47,5,5937,294
940409602155282432,1,active,7882,1028,13,12,884,168,6595,813,47,7,343,28,2136,245
229141520,1,active,4507,313,8,11,445,56,3986,240,31,2,37,4,1343,64
4639413136,1,active,3875,433,10,14,561,52,3296,365,1,1,7,1,975,92
3015067823,1,active,1733,385,7,13,428,125,1276,244,6,1,16,2,366,58
2327400218,1,active,39611,3181,40,37,1245,207,38239,2927,21,4,66,6,14834,973
20545835,1,active,11124,1521,48,32,1390,244,9059,1166,429,64,198,15,3166,320
1170886272,1,active,5733,376,14,24,519,56,5152,290,21,4,27,2,1730,83
499154896,1,active,7044,584,20,13,968,102,5990,462,14,4,52,3,2000,96
21722318,1,active,16030,2788,79,46,2681,511,13035,2192,96,13,139,26,3784,505
816131319033950208,1,active,1772,212,11,23,237,33,1509,151,9,4,6,1,490,40
233842454,0,active,23490,2000,22454,1570,60,82,968,346,1,1,7,1,328,91
818948638890217473,1,active,9896,1019,41,182,1406,128,8306,689,14,4,129,16,3313,187
18956073,1,active,9803,2054,355,435,1343,268,7800,1301,147,29,158,21,2406,363
1085225533623783424,1,active,11313,1606,14,7,587,610,10482,953,89,21,141,15,4191,314
19211550,1,active,157613,16914,185,102,7783,1526,147849,15064,666,113,1130,109,53780,4502
19612749,1,active,10331,741,11,6,698,110,9448,616,138,8,36,1,3508,193
958408514807967751,1,active,10703,991,12,8,581,104,9719,821,296,47,95,11,3448,244
1151261114384171008,1,active,2122,268,5,13,140,35,1953,212,13,4,11,4,668,58
338473859,1,active,7342,789,5,5,411,101,6849,660,42,14,35,9,2587,197
889977782863749120,2,active,3239,796,1,3,12,42,3218,748,1,2,7,1,958,197
60876782,0,active,4074,3305,3699,1629,15,191,340,1475,17,8,3,2,148,338
2689617914,1,active,700,164,1,5,132,24,484,123,80,10,3,2,149,27
872148729184362497,1,active,15705,1258,67,95,1579,188,13905,956,52,7,102,12,4495,272
1006474869570093056,1,active,7062,412,16,7,930,31,6080,371,10,2,26,1,2050,95
317385247,1,active,24635,2066,57,73,2249,259,22166,1717,75,5,88,12,6826,508
47739450,1,active,8045,794,90,126,1796,118,5956,540,75,7,128,3,2014,173
879548970082721792,1,active,10977,907,7,2,440,77,10476,809,9,1,45,18,4056,250
52338305,1,active,55415,4847,87,51,7551,750,47350,4005,151,21,276,20,15174,1010
3066800573,1,active,699,95,8,1,148,20,531,71,8,1,4,2,126,20
22610257,1,active,3619,344,4,5,641,59,2931,273,18,4,25,3,813,77
22663306,2,active,20674,1856,20,19,109,99,20448,1724,42,8,55,6,7340,444
22677397,1,active,30135,2447,32,19,1957,244,28049,2178,27,1,70,5,10461,638
973500614306095105,1,active,6385,1300,8,7,617,185,5664,1079,43,10,53,19,2162,500
523248016,1,active,48519,4909,73,65,3643,586,44531,4236,102,4,170,18,18072,1195
14173315,0,active,3708,1083,3507,711,12,63,172,300,9,5,8,4,102,93
1652541,0,active,4002,2955,3588,2504,27,82,356,329,18,28,13,12,132,118
2467791,0,active,7071,1541,6868,1250,29,57,164,228,1,4,9,2,126,88
27915028,1,active,1559,112,1,1,225,22,1316,87,6,1,11,1,500,28
27995424,1,active,29890,2739,110,128,2069,338,27626,2269,23,2,62,2,9256,664
42551777,1,active,625,92,1,1,52,9,552,79,7,1,13,2,190,17
216327829,1,active,4405,413,20,9,584,51,3789,349,5,1,7,3,400,38
90651198,1,active,10860,1595,46,172,2016,243,8639,1150,90,23,69,7,2474,317
17469289,1,active,3051,1387,612,629,559,149,1804,590,34,8,42,11,545,174
218975278,0,active,8010,4118,7490,552,21,693,473,2789,8,10,18,74,225,702
1947821689,1,active,5728,1380,12,1,757,216,4757,1134,159,20,43,9,1719,295
208155240,1,active,8216,331,18,25,816,43,7323,258,22,4,37,1,2837,68
72616616,1,active,3525,302,7,9,131,33,3337,255,18,1,32,4,1397,85
1901916354,1,active,6763,733,47,28,1226,153,5371,531,21,5,98,16,1701,139
380648579,0,active,598,115,534,79,3,8,47,21,7,2,7,5,9,6
16523905,1,active,27615,2269,57,39,2388,272,24981,1944,72,7,117,7,7850,478
1248019741312155649,1,active,6664,594,7,7,191,45,6411,534,17,3,38,5,2503,140
4239551,1,active,4502,664,18,11,283,79,4163,567,12,3,26,4,1226,153
3158234814,1,active,10363,1590,33,52,1559,256,8240,1234,308,30,223,18,2624,334
14407458,1,active,2520,209,9,8,436,23,2013,175,24,2,38,1,694,48
138182116,1,active,495,39,2,1,49,7,414,29,1,1,29,1,192,8
15745368,1,active,1401,121,67,50,551,17,623,49,11,1,149,4,152,15
15754281,0,active,2133,1125,1968,327,12,141,138,643,10,7,5,7,82,148
895347487233462272,1,active,3814,821,5,4,284,111,3493,698,9,4,23,4,1206,186
64998253,2,active,4011,515,5,4,25,35,3966,472,4,1,11,3,1776,132
180107694,0,active,9613,3103,8912,2092,17,98,680,906,1,4,3,3,331,305
16012783,0,active,5413,1968,4097,1698,63,35,1083,206,107,22,63,7,385,90
902987823183040512,1,active,3312,301,4,2,376,45,2867,247,27,3,38,4,963,79
770781940341288960,1,active,185729,15668,422,1912,23522,2077,152796,11181,4353,286,4636,212,53879,3358
806347865073315844,1,active,16536,1912,7,5,347,97,16117,1807,22,1,43,2,5574,473
18029328,1,active,3734,368,9,10,302,56,3399,300,9,1,15,1,1219,81
1072933535516934144,1,active,494,118,1,1,94,33,389,81,2,1,8,2,147,22
3016071993,1,active,8150,682,25,133,1400,97,6527,436,93,12,105,4,2499,135
1225147380284018688,0,active,1389,248,1346,224,2,3,37,18,3,2,1,1,31,11
249420175,1,active,1733,166,8,15,100,19,1612,130,4,1,9,1,504,32
20562637,0,active,609,130,576,95,1,6,27,26,1,1,4,2,8,4
963790885937995777,0,active,22911,2020,22548,1674,14,43,342,293,6,8,1,2,551,171
21149655,1,active,12841,1196,107,222,2159,149,10277,780,97,20,201,25,3473,236
1225779630,1,active,27317,2711,40,26,2292,319,24667,2327,63,11,255,28,8349,667
454513795,2,active,16722,1599,19,10,96,110,16499,1428,39,47,69,4,6029,395
816652616625168388,1,active,8575,958,22,24,534,91,7975,839,14,1,30,3,3098,211
12008602,1,active,4963,536,10,24,390,63,4514,440,18,3,31,6,1538,119
1074480192,1,active,12110,1505,33,104,1596,249,10199,1133,51,7,231,12,3401,288
460646127,1,active,198,129,4,10,44,19,140,93,8,6,2,1,37,12
237299871,1,active,20219,2787,46,125,976,268,19097,2382,32,6,68,6,6363,620
1114631166,2,active,6715,1239,6,8,49,115,6635,1107,9,2,16,7,2445,319
166414119,1,active,15132,1690,32,13,2014,255,12978,1413,25,3,83,6,3624,306
166751745,1,active,40226,3181,76,75,5190,421,34442,2645,199,23,319,17,11536,656
1600275704,1,active,2332,358,10,10,429,46,1846,293,7,2,40,7,492,77
44385628,1,active,26459,1973,34,31,1963,220,24327,1716,52,2,83,4,8770,493
6782762,1,active,95901,9310,149,111,9176,1337,85364,7733,856,81,356,48,26485,1817
321954654,1,active,100066,10989,189,117,10361,1656,87183,8923,1280,172,1053,121,28492,2353
50434933,1,active,11253,888,32,13,910,106,10106,741,24,4,181,24,3271,181
1011970623470489601,0,active,1980,363,1938,354,1,2,28,4,3,1,10,2,37,17
704943112217608193,1,active,2304,211,4,14,197,36,2092,159,3,1,8,1,722,42
22703645,1,active,3955,2255,87,181,1282,361,2461,1690,27,8,98,15,701,457
22771961,0,active,5438,1658,5320,629,3,108,113,918,1,1,1,2,88,291
22815781,1,active,18807,1448,50,24,3976,299,14518,1108,36,2,227,15,4882,266
3085494124,1,active,1623,229,5,1,262,46,1336,179,5,1,15,2,374,33
1237578874424344576,1,active,2357,210,6,4,356,46,1953,154,17,2,25,4,661,37
1237612672373248000,1,active,108225,8520,181,227,9881,1113,96209,7016,802,91,1152,73,35456,2116
25101996,1,active,5793,430,17,48,779,64,4919,311,30,6,48,1,1878,69
25119138,1,active,5554,880,15,8,1484,143,4032,727,6,1,17,1,1110,206
1108472017144201216,1,active,47363,7211,130,243,8993,1286,37294,5540,405,65,541,77,13098,1424
26487169,1,active,120497,12934,224,345,13566,1761,103977,10384,778,115,1952,329,37425,3012
292929271,1,active,209077,18779,537,1279,40383,3044,166248,14348,398,28,1511,80,51762,3513
38284349,1,active,12568,1166,14,15,781,106,11649,1033,46,8,78,4,3672,286
39765354,1,active,1210,98,4,5,109,15,1046,75,18,2,33,1,353,17
999153867374841856,1,active,5607,958,21,13,1989,136,2123,425,1187,274,287,110,727,144
148529707,0,active,42183,2874,41818,2730,22,25,338,113,2,1,3,5,460,77
1133781254959239168,1,active,7864,732,11,8,568,71,7197,647,38,2,50,4,2506,173
931286316,1,active,22566,2104,62,79,1750,231,20535,1770,87,15,132,9,7063,506
89083397,1,active,4637,378,7,3,526,61,3935,308,104,5,65,1,1516,86
4165642155,2,active,15867,1438,12,8,113,113,15530,1304,102,4,110,9,6006,343
2874102076,1,active,3309,264,10,13,719,53,2557,192,10,3,13,3,833,52
17349381,1,active,1442,102,4,4,239,11,1168,81,6,1,25,5,324,11
216776631,0,active,60659,1836,60377,1522,36,111,232,200,6,1,8,2,421,107
216881337,1,active,9395,1318,65,365,1890,187,7352,756,20,1,68,9,2053,204
1313966902704771072,1,active,15611,1816,17,14,600,186,14847,1588,52,18,95,10,8261,769
389318167,2,active,4495,556,7,3,38,58,4428,489,6,1,16,5,1184,142
202070444,1,active,886,256,2,2,143,74,709,176,21,3,11,1,211,57
902200087,1,active,3339,430,22,5,487,81,2811,340,6,2,13,2,809,88
16106584,1,active,15044,986,56,30,1635,135,13098,801,60,7,195,13,3973,260
1037175323614429184,1,active,1007,85,3,1,77,12,887,67,27,4,13,1,419,27
1881296893,1,active,1244,53,1,1,77,7,1163,42,2,1,1,2,471,11
78523300,1,active,158284,12974,301,97,25633,2097,129624,10587,393,37,2333,156,39739,2970